"2023/cve-2023-40475.json","2024-01-21T16:21:37+00:00"
"2023/cve-2023-6531.json","2024-01-21T09:35:52+00:00"
"2023/cve-2023-6932.json","2024-01-21T09:11:38+00:00"
"2023/cve-2023-2176.json","2024-01-21T07:57:33+00:00"
"2023/cve-2023-51385.json","2024-01-21T05:41:44+00:00"
"2023/cve-2023-48795.json","2024-01-21T03:18:48+00:00"
"2023/cve-2023-46589.json","2024-01-19T20:23:02+00:00"
"2023/cve-2023-7104.json","2024-01-19T19:42:21+00:00"
"2023/cve-2023-38546.json","2024-01-19T18:33:06+00:00"
"2023/cve-2023-41056.json","2024-01-19T17:20:47+00:00"
"2023/cve-2023-49569.json","2024-01-19T17:08:30+00:00"
"2023/cve-2023-49568.json","2024-01-19T16:53:12+00:00"
"2023/cve-2023-51767.json","2024-01-19T14:28:08+00:00"
"2023/cve-2023-45139.json","2024-01-19T11:58:03+00:00"
"2023/cve-2023-45237.json","2024-01-19T10:47:06+00:00"
"2023/cve-2023-45236.json","2024-01-19T10:47:02+00:00"
"2023/cve-2023-45232.json","2024-01-19T10:45:56+00:00"
"2023/cve-2023-51384.json","2024-01-19T08:19:45+00:00"
"2023/cve-2023-1906.json","2024-01-19T07:29:19+00:00"
"2023/cve-2023-28840.json","2024-01-18T22:24:16+00:00"
"2023/cve-2023-44487.json","2024-01-18T22:24:15+00:00"
"2023/cve-2023-39326.json","2024-01-18T22:24:15+00:00"
"2023/cve-2023-28841.json","2024-01-18T22:24:15+00:00"
"2023/cve-2023-28842.json","2024-01-18T22:24:14+00:00"
"2023/cve-2023-27561.json","2024-01-18T22:24:13+00:00"
"2023/cve-2023-25173.json","2024-01-18T22:24:12+00:00"
"2023/cve-2023-39319.json","2024-01-18T22:24:12+00:00"
"2023/cve-2023-37788.json","2024-01-18T22:24:10+00:00"
"2023/cve-2023-3978.json","2024-01-18T22:24:09+00:00"
"2023/cve-2023-39417.json","2024-01-18T20:42:09+00:00"
"2023/cve-2023-5869.json","2024-01-18T20:42:04+00:00"
"2023/cve-2023-5868.json","2024-01-18T20:42:04+00:00"
"2023/cve-2023-5870.json","2024-01-18T20:42:04+00:00"
"2023/cve-2023-50782.json","2024-01-18T20:20:58+00:00"
"2023/cve-2023-4244.json","2024-01-18T19:13:39+00:00"
"2023/cve-2023-43804.json","2024-01-18T18:36:41+00:00"
"2023/cve-2023-45803.json","2024-01-18T18:34:46+00:00"
"2023/cve-2023-6817.json","2024-01-18T16:53:25+00:00"
"2023/cve-2023-32681.json","2024-01-18T16:24:57+00:00"
"2023/cve-2023-51257.json","2024-01-18T14:35:44+00:00"
"2023/cve-2023-45233.json","2024-01-18T14:33:16+00:00"
"2023/cve-2023-45862.json","2024-01-18T13:58:35+00:00"
"2023/cve-2023-1192.json","2024-01-18T13:45:01+00:00"
"2023/cve-2023-45287.json","2024-01-18T13:38:17+00:00"
"2023/cve-2023-45648.json","2024-01-18T12:38:36+00:00"
"2023/cve-2023-42795.json","2024-01-18T12:37:41+00:00"
"2023/cve-2023-34981.json","2024-01-18T12:36:31+00:00"
"2023/cve-2023-45229.json","2024-01-18T11:53:07+00:00"
"2023/cve-2023-6546.json","2024-01-18T10:45:09+00:00"
"2023/cve-2023-45235.json","2024-01-18T10:20:34+00:00"
"2023/cve-2023-45234.json","2024-01-18T10:09:41+00:00"
"2023/cve-2023-45231.json","2024-01-18T09:44:12+00:00"
"2023/cve-2023-45230.json","2024-01-18T09:40:22+00:00"
"2023/cve-2023-34318.json","2024-01-18T07:58:07+00:00"
"2023/cve-2023-5455.json","2024-01-18T07:26:12+00:00"
"2023/cve-2023-6816.json","2024-01-18T04:15:49+00:00"
"2023/cve-2023-51764.json","2024-01-17T20:55:17+00:00"
"2023/cve-2023-51074.json","2024-01-17T20:22:42+00:00"
"2023/cve-2023-40225.json","2024-01-17T19:23:48+00:00"
"2023/cve-2023-6596.json","2024-01-17T19:08:38+00:00"
"2023/cve-2023-1074.json","2024-01-17T18:28:15+00:00"
"2023/cve-2023-39325.json","2024-01-17T18:21:29+00:00"
"2023/cve-2023-6476.json","2024-01-17T18:02:40+00:00"
"2023/cve-2023-44446.json","2024-01-17T17:58:28+00:00"
"2023/cve-2023-4010.json","2024-01-17T17:44:33+00:00"
"2023/cve-2023-47108.json","2024-01-17T17:43:29+00:00"
"2023/cve-2023-37920.json","2024-01-17T16:53:18+00:00"
"2023/cve-2023-43040.json","2024-01-17T16:04:17+00:00"
"2023/cve-2023-44981.json","2024-01-17T15:36:02+00:00"
"2023/cve-2023-42465.json","2024-01-17T14:28:51+00:00"
"2023/cve-2023-41360.json","2024-01-17T14:22:46+00:00"
"2023/cve-2023-52323.json","2024-01-17T14:19:08+00:00"
"2023/cve-2023-28486.json","2024-01-17T14:19:03+00:00"
"2023/cve-2023-28487.json","2024-01-17T14:19:00+00:00"
"2023/cve-2023-41359.json","2024-01-17T13:49:35+00:00"
"2023/cve-2023-41361.json","2024-01-17T13:43:25+00:00"
"2023/cve-2023-41358.json","2024-01-17T13:39:01+00:00"
"2023/cve-2023-33201.json","2024-01-17T13:23:22+00:00"
"2023/cve-2023-51781.json","2024-01-17T12:37:46+00:00"
"2023/cve-2023-26159.json","2024-01-17T11:32:05+00:00"
"2023/cve-2023-45142.json","2024-01-17T10:44:19+00:00"
"2023/cve-2023-38037.json","2024-01-17T10:30:08+00:00"
"2023/cve-2023-21102.json","2024-01-17T10:06:11+00:00"
"2023/cve-2023-39332.json","2024-01-17T09:45:36+00:00"
"2023/cve-2023-27043.json","2024-01-17T08:16:20+00:00"
"2023/cve-2023-3812.json","2024-01-17T06:32:58+00:00"
"2023/cve-2023-6237.json","2024-01-16T20:05:09+00:00"
"2023/cve-2023-51780.json","2024-01-16T17:49:23+00:00"
"2023/cve-2023-6395.json","2024-01-16T16:18:57+00:00"
"2023/cve-2023-4128.json","2024-01-16T15:54:19+00:00"
"2023/cve-2023-4208.json","2024-01-16T15:54:19+00:00"
"2023/cve-2023-4207.json","2024-01-16T15:54:19+00:00"
"2023/cve-2023-4206.json","2024-01-16T15:54:19+00:00"
"2023/cve-2023-3611.json","2024-01-16T15:54:09+00:00"
"2023/cve-2023-3776.json","2024-01-16T15:54:02+00:00"
"2023/cve-2023-41040.json","2024-01-16T14:36:15+00:00"
"2023/cve-2023-46136.json","2024-01-16T14:36:12+00:00"
"2023/cve-2023-5625.json","2024-01-16T14:36:09+00:00"
"2023/cve-2023-46118.json","2024-01-16T14:35:57+00:00"
"2023/cve-2023-36053.json","2024-01-16T14:35:52+00:00"
"2023/cve-2023-38802.json","2024-01-16T12:06:11+00:00"
"2023/cve-2023-6004.json","2024-01-16T11:49:20+00:00"
"2023/cve-2023-39331.json","2024-01-16T10:04:12+00:00"
"2023/cve-2023-2163.json","2024-01-16T09:43:21+00:00"
"2023/cve-2023-42753.json","2024-01-16T09:43:19+00:00"
"2023/cve-2023-20593.json","2024-01-16T09:43:16+00:00"
"2023/cve-2023-4622.json","2024-01-16T09:43:16+00:00"
"2023/cve-2023-2162.json","2024-01-16T09:43:12+00:00"
"2023/cve-2023-2454.json","2024-01-16T06:59:19+00:00"
"2023/cve-2023-4043.json","2024-01-16T04:09:11+00:00"
"2023/cve-2023-6610.json","2024-01-15T22:11:39+00:00"
"2023/cve-2023-6606.json","2024-01-15T19:36:30+00:00"
"2023/cve-2023-31484.json","2024-01-15T19:33:29+00:00"
"2023/cve-2023-4001.json","2024-01-15T19:08:01+00:00"
"2023/cve-2023-6931.json","2024-01-15T17:52:47+00:00"
"2023/cve-2023-4513.json","2024-01-15T17:46:57+00:00"
"2023/cve-2023-4512.json","2024-01-15T17:45:14+00:00"
"2023/cve-2023-4511.json","2024-01-15T17:43:15+00:00"
"2023/cve-2023-3824.json","2024-01-15T17:40:31+00:00"
"2023/cve-2023-3823.json","2024-01-15T17:22:35+00:00"
"2023/cve-2023-46749.json","2024-01-15T17:11:51+00:00"
"2023/cve-2023-5178.json","2024-01-15T15:42:11+00:00"
"2023/cve-2023-7042.json","2024-01-15T13:43:30+00:00"
"2023/cve-2023-6915.json","2024-01-15T09:05:50+00:00"
"2023/cve-2023-38545.json","2024-01-15T01:06:31+00:00"
"2023/cve-2023-45863.json","2024-01-14T11:05:49+00:00"
"2023/cve-2023-24023.json","2024-01-13T02:23:35+00:00"
"2023/cve-2023-50290.json","2024-01-12T22:34:04+00:00"
"2023/cve-2023-31122.json","2024-01-12T21:23:54+00:00"
"2023/cve-2023-6683.json","2024-01-12T19:44:54+00:00"
"2023/cve-2023-32665.json","2024-01-12T19:33:49+00:00"
"2023/cve-2023-32611.json","2024-01-12T19:32:41+00:00"
"2023/cve-2023-29499.json","2024-01-12T19:31:33+00:00"
"2023/cve-2023-27534.json","2024-01-12T19:24:41+00:00"
"2023/cve-2023-32360.json","2024-01-12T19:01:27+00:00"
"2023/cve-2023-6040.json","2024-01-12T16:51:57+00:00"
"2023/cve-2023-4813.json","2024-01-11T23:02:53+00:00"
"2023/cve-2023-3022.json","2024-01-11T23:01:32+00:00"
"2023/cve-2023-5717.json","2024-01-11T22:36:42+00:00"
"2023/cve-2023-5678.json","2024-01-11T21:15:11+00:00"
"2023/cve-2023-3446.json","2024-01-11T21:15:08+00:00"
"2023/cve-2023-3817.json","2024-01-11T21:15:05+00:00"
"2023/cve-2023-6134.json","2024-01-11T20:48:57+00:00"
"2023/cve-2023-29491.json","2024-01-11T19:06:28+00:00"
"2023/cve-2023-20573.json","2024-01-11T18:26:40+00:00"
"2023/cve-2023-6129.json","2024-01-11T18:18:26+00:00"
"2023/cve-2023-4623.json","2024-01-11T16:30:09+00:00"
"2023/cve-2023-49295.json","2024-01-11T15:37:55+00:00"
"2023/cve-2023-6135.json","2024-01-11T13:56:32+00:00"
"2023/cve-2023-40167.json","2024-01-11T12:33:46+00:00"
"2023/cve-2023-43115.json","2024-01-11T09:19:26+00:00"
"2023/cve-2023-31582.json","2024-01-10T23:58:28+00:00"
"2023/cve-2023-51779.json","2024-01-10T21:37:45+00:00"
"2023/cve-2023-5981.json","2024-01-10T17:06:18+00:00"
"2023/cve-2023-5072.json","2024-01-10T13:30:33+00:00"
"2023/cve-2023-34462.json","2024-01-10T13:30:32+00:00"
"2023/cve-2023-34455.json","2024-01-10T13:30:31+00:00"
"2023/cve-2023-0662.json","2024-01-10T13:08:57+00:00"
"2023/cve-2023-45133.json","2024-01-10T12:22:51+00:00"
"2023/cve-2023-6536.json","2024-01-10T12:19:08+00:00"
"2023/cve-2023-6535.json","2024-01-10T12:18:55+00:00"
"2023/cve-2023-6356.json","2024-01-10T12:16:12+00:00"
"2023/cve-2023-3019.json","2024-01-10T11:30:30+00:00"
"2023/cve-2023-39615.json","2024-01-10T11:29:58+00:00"
"2023/cve-2023-39322.json","2024-01-10T11:28:37+00:00"
"2023/cve-2023-39321.json","2024-01-10T11:28:32+00:00"
"2023/cve-2023-39318.json","2024-01-10T11:28:23+00:00"
"2023/cve-2023-29409.json","2024-01-10T11:28:08+00:00"
"2023/cve-2023-5367.json","2024-01-10T11:27:42+00:00"
"2023/cve-2023-42794.json","2024-01-10T11:27:28+00:00"
"2023/cve-2023-41080.json","2024-01-10T11:27:26+00:00"
"2023/cve-2023-38406.json","2024-01-10T11:27:12+00:00"
"2023/cve-2023-38407.json","2024-01-10T11:27:12+00:00"
"2023/cve-2023-47234.json","2024-01-10T11:27:08+00:00"
"2023/cve-2023-47235.json","2024-01-10T11:27:08+00:00"
"2023/cve-2023-5633.json","2024-01-10T10:46:31+00:00"
"2023/cve-2023-20569.json","2024-01-10T10:46:22+00:00"
"2023/cve-2023-5388.json","2024-01-10T08:35:27+00:00"
"2023/cve-2023-37460.json","2024-01-10T03:18:06+00:00"
"2023/cve-2023-40791.json","2024-01-10T00:41:27+00:00"
"2023/cve-2023-4921.json","2024-01-09T22:41:25+00:00"
"2023/cve-2023-6927.json","2024-01-09T17:37:15+00:00"
"2023/cve-2023-1032.json","2024-01-09T16:54:29+00:00"
"2023/cve-2023-39418.json","2024-01-09T16:22:56+00:00"
"2023/cve-2023-6484.json","2024-01-09T16:01:39+00:00"
"2023/cve-2023-46998.json","2024-01-09T15:57:27+00:00"
"2023/cve-2023-50495.json","2024-01-09T14:54:33+00:00"
"2023/cve-2023-0923.json","2024-01-09T13:22:16+00:00"
"2023/cve-2023-2422.json","2024-01-09T13:04:09+00:00"
"2023/cve-2023-51714.json","2024-01-09T12:08:36+00:00"
"2023/cve-2023-6393.json","2024-01-09T10:11:37+00:00"
"2023/cve-2023-41900.json","2024-01-08T17:44:09+00:00"
"2023/cve-2023-6337.json","2024-01-08T17:16:12+00:00"
"2023/cve-2023-3674.json","2024-01-08T16:00:33+00:00"
"2023/cve-2023-49285.json","2024-01-08T14:25:48+00:00"
"2023/cve-2023-46724.json","2024-01-08T14:25:47+00:00"
"2023/cve-2023-46728.json","2024-01-08T14:25:47+00:00"
"2023/cve-2023-49286.json","2024-01-08T14:25:47+00:00"
"2023/cve-2023-6710.json","2024-01-08T13:54:36+00:00"
"2023/cve-2023-4156.json","2024-01-08T11:45:07+00:00"
"2023/cve-2023-33202.json","2024-01-08T11:43:44+00:00"
"2023/cve-2023-40339.json","2024-01-08T10:20:31+00:00"
"2023/cve-2023-6693.json","2024-01-08T08:54:03+00:00"
"2023/cve-2023-5824.json","2024-01-08T08:19:11+00:00"
"2023/cve-2023-44429.json","2024-01-08T08:17:57+00:00"
"2023/cve-2023-6879.json","2024-01-08T07:46:52+00:00"
"2023/cve-2023-1206.json","2024-01-08T00:01:33+00:00"
"2023/cve-2023-4380.json","2024-01-06T20:40:32+00:00"
"2023/cve-2023-33460.json","2024-01-05T22:40:53+00:00"
"2023/cve-2023-40283.json","2024-01-05T21:07:24+00:00"
"2023/cve-2023-6679.json","2024-01-05T21:06:58+00:00"
"2023/cve-2023-22104.json","2024-01-05T21:05:59+00:00"
"2023/cve-2023-22007.json","2024-01-05T21:05:57+00:00"
"2023/cve-2023-21982.json","2024-01-05T21:05:55+00:00"
"2023/cve-2023-21980.json","2024-01-05T21:05:54+00:00"
"2023/cve-2023-21977.json","2024-01-05T21:05:52+00:00"
"2023/cve-2023-21976.json","2024-01-05T21:05:50+00:00"
"2023/cve-2023-21972.json","2024-01-05T21:05:48+00:00"
"2023/cve-2023-21966.json","2024-01-05T21:05:46+00:00"
"2023/cve-2023-21962.json","2024-01-05T21:05:44+00:00"
"2023/cve-2023-21955.json","2024-01-05T21:05:43+00:00"
"2023/cve-2023-21953.json","2024-01-05T21:05:41+00:00"
"2023/cve-2023-21947.json","2024-01-05T21:05:39+00:00"
"2023/cve-2023-21946.json","2024-01-05T21:05:37+00:00"
"2023/cve-2023-21945.json","2024-01-05T21:05:35+00:00"
"2023/cve-2023-21940.json","2024-01-05T21:05:34+00:00"
"2023/cve-2023-21935.json","2024-01-05T21:05:32+00:00"
"2023/cve-2023-21933.json","2024-01-05T21:05:30+00:00"
"2023/cve-2023-21929.json","2024-01-05T21:05:28+00:00"
"2023/cve-2023-21920.json","2024-01-05T21:05:26+00:00"
"2023/cve-2023-21919.json","2024-01-05T21:05:25+00:00"
"2023/cve-2023-21911.json","2024-01-05T21:05:23+00:00"
"2023/cve-2023-3141.json","2024-01-05T18:25:35+00:00"
"2023/cve-2023-46218.json","2024-01-05T17:38:14+00:00"
"2023/cve-2023-6185.json","2024-01-05T08:56:25+00:00"
"2023/cve-2023-6270.json","2024-01-05T08:01:04+00:00"
"2023/cve-2023-5332.json","2024-01-04T21:51:24+00:00"
"2023/cve-2023-33952.json","2024-01-04T19:33:16+00:00"
"2023/cve-2023-5752.json","2024-01-04T16:54:23+00:00"
"2023/cve-2023-50781.json","2024-01-04T15:52:02+00:00"
"2023/cve-2023-49082.json","2024-01-04T15:21:22+00:00"
"2023/cve-2023-48631.json","2024-01-04T15:09:46+00:00"
"2023/cve-2023-49081.json","2024-01-04T14:50:30+00:00"
"2023/cve-2023-45871.json","2024-01-04T14:47:30+00:00"
"2023/cve-2023-49083.json","2024-01-04T14:40:16+00:00"
"2023/cve-2023-2269.json","2024-01-04T13:52:42+00:00"
"2023/cve-2023-45285.json","2024-01-04T12:30:14+00:00"
"2023/cve-2023-6186.json","2024-01-04T11:47:27+00:00"
"2023/cve-2023-51765.json","2024-01-04T11:08:07+00:00"
"2023/cve-2023-46129.json","2024-01-04T10:05:02+00:00"
"2023/cve-2023-6944.json","2024-01-04T09:49:49+00:00"
"2023/cve-2023-6277.json","2024-01-04T06:02:45+00:00"
"2023/cve-2023-41910.json","2024-01-03T16:31:45+00:00"
"2023/cve-2023-31082.json","2024-01-03T14:57:24+00:00"
"2023/cve-2023-4911.json","2024-01-03T14:07:49+00:00"
"2023/cve-2023-2585.json","2024-01-03T11:58:30+00:00"
"2023/cve-2023-4320.json","2024-01-03T11:49:41+00:00"
"2023/cve-2023-4692.json","2024-01-03T11:46:48+00:00"
"2023/cve-2023-43497.json","2024-01-03T11:46:13+00:00"
"2023/cve-2023-4735.json","2024-01-03T11:04:21+00:00"
"2023/cve-2023-43498.json","2024-01-03T10:54:39+00:00"
"2023/cve-2023-46847.json","2024-01-03T10:49:27+00:00"
"2023/cve-2023-6394.json","2024-01-03T10:20:25+00:00"
"2023/cve-2023-51079.json","2024-01-03T09:59:35+00:00"
"2023/cve-2023-28708.json","2024-01-03T09:14:11+00:00"
"2023/cve-2023-6918.json","2024-01-03T07:46:21+00:00"
"2023/cve-2023-50269.json","2024-01-03T07:01:54+00:00"
"2023/cve-2023-47038.json","2024-01-03T06:58:55+00:00"
"2023/cve-2023-47100.json","2024-01-03T05:00:40+00:00"
"2023/cve-2023-39323.json","2024-01-03T04:59:34+00:00"
"2023/cve-2023-31417.json","2024-01-02T20:44:24+00:00"
"2023/cve-2023-43496.json","2024-01-02T20:37:27+00:00"
"2023/cve-2023-5215.json","2024-01-02T20:34:52+00:00"
"2023/cve-2023-3961.json","2024-01-02T20:30:01+00:00"
"2023/cve-2023-22102.json","2024-01-02T18:52:38+00:00"
"2023/cve-2023-7192.json","2024-01-02T18:48:47+00:00"
"2023/cve-2023-52079.json","2024-01-02T18:42:22+00:00"
"2023/cve-2023-50725.json","2024-01-02T18:22:43+00:00"
"2023/cve-2023-35824.json","2024-01-02T18:15:29+00:00"
"2023/cve-2023-50727.json","2024-01-02T18:02:13+00:00"
"2023/cve-2023-39913.json","2024-01-02T17:51:39+00:00"
"2023/cve-2023-23908.json","2024-01-02T17:07:38+00:00"
"2023/cve-2023-36054.json","2024-01-02T17:05:16+00:00"
"2023/cve-2023-2976.json","2024-01-02T16:13:26+00:00"
"2023/cve-2023-50762.json","2024-01-02T08:57:20+00:00"
"2023/cve-2023-50761.json","2024-01-02T08:57:18+00:00"
"2023/cve-2023-6863.json","2024-01-02T08:57:16+00:00"
"2023/cve-2023-6864.json","2024-01-02T08:57:16+00:00"
"2023/cve-2023-6862.json","2024-01-02T08:57:15+00:00"
"2023/cve-2023-6861.json","2024-01-02T08:57:14+00:00"
"2023/cve-2023-6860.json","2024-01-02T08:57:12+00:00"
"2023/cve-2023-6859.json","2024-01-02T08:57:11+00:00"
"2023/cve-2023-6858.json","2024-01-02T08:57:11+00:00"
"2023/cve-2023-6857.json","2024-01-02T08:57:09+00:00"
"2023/cve-2023-6856.json","2024-01-02T08:57:08+00:00"
"2023/cve-2023-6478.json","2024-01-02T08:55:42+00:00"
"2023/cve-2023-6377.json","2024-01-02T08:55:40+00:00"
"2023/cve-2023-5157.json","2024-01-02T08:52:59+00:00"
"2023/cve-2023-6867.json","2024-01-02T08:28:08+00:00"
"2023/cve-2023-6865.json","2024-01-02T08:27:58+00:00"
"2023/cve-2023-26031.json","2024-01-02T08:10:27+00:00"
"2023/cve-2023-47039.json","2024-01-02T05:18:04+00:00"
"2023/cve-2023-46246.json","2024-01-02T04:35:51+00:00"
"2023/cve-2023-5764.json","2024-01-01T20:41:23+00:00"
"2023/cve-2023-50471.json","2024-01-01T20:23:23+00:00"
"2023/cve-2023-50472.json","2024-01-01T20:22:41+00:00"
"2023/cve-2023-25399.json","2024-01-01T01:09:46+00:00"
"2023/cve-2023-38898.json","2024-01-01T01:09:46+00:00"
"2023/cve-2023-36632.json","2024-01-01T01:09:46+00:00"
"2023/cve-2023-40338.json","2023-12-31T18:08:20+00:00"
"2023/cve-2023-0118.json","2023-12-31T16:43:27+00:00"
"2023/cve-2023-23583.json","2023-12-30T19:12:01+00:00"
"2023/cve-2023-20592.json","2023-12-29T17:40:05+00:00"
"2023/cve-2023-22081.json","2023-12-29T14:01:22+00:00"
"2023/cve-2023-22067.json","2023-12-29T14:01:03+00:00"
"2023/cve-2023-5676.json","2023-12-29T14:00:47+00:00"
"2023/cve-2023-6228.json","2023-12-29T06:30:42+00:00"
"2023/cve-2023-4154.json","2023-12-29T04:39:52+00:00"
"2023/cve-2023-3164.json","2023-12-29T04:37:26+00:00"
"2023/cve-2023-0045.json","2023-12-27T06:53:17+00:00"
"2023/cve-2023-6176.json","2023-12-27T02:03:41+00:00"
"2023/cve-2023-34055.json","2023-12-26T05:49:55+00:00"
"2023/cve-2023-1981.json","2023-12-26T00:15:00+00:00"
"2023/cve-2023-7090.json","2023-12-23T20:18:49+00:00"
"2023/cve-2023-7008.json","2023-12-23T16:59:30+00:00"
"2023/cve-2023-51704.json","2023-12-22T18:39:12+00:00"
"2023/cve-2023-39804.json","2023-12-22T14:42:36+00:00"
"2023/cve-2023-49293.json","2023-12-21T23:38:26+00:00"
"2023/cve-2023-6481.json","2023-12-21T22:19:10+00:00"
"2023/cve-2023-6378.json","2023-12-21T22:19:07+00:00"
"2023/cve-2023-4016.json","2023-12-21T20:28:35+00:00"
"2023/cve-2023-6291.json","2023-12-21T19:49:25+00:00"
"2023/cve-2023-6570.json","2023-12-21T19:42:16+00:00"
"2023/cve-2023-27533.json","2023-12-21T18:43:27+00:00"
"2023/cve-2023-46402.json","2023-12-21T17:20:56+00:00"
"2023/cve-2023-26364.json","2023-12-21T12:55:49+00:00"
"2023/cve-2023-4881.json","2023-12-21T09:00:59+00:00"
"2023/cve-2023-2430.json","2023-12-21T06:01:51+00:00"
"2023/cve-2023-46446.json","2023-12-20T18:56:43+00:00"
"2023/cve-2023-46445.json","2023-12-20T18:55:11+00:00"
"2023/cve-2023-6121.json","2023-12-20T18:03:34+00:00"
"2023/cve-2023-4503.json","2023-12-20T18:00:33+00:00"
"2023/cve-2023-49288.json","2023-12-20T14:51:51+00:00"
"2023/cve-2023-0462.json","2023-12-20T10:55:22+00:00"
"2023/cve-2023-39197.json","2023-12-20T10:26:02+00:00"
"2023/cve-2023-50728.json","2023-12-20T09:06:45+00:00"
"2023/cve-2023-42917.json","2023-12-20T04:27:04+00:00"
"2023/cve-2023-34062.json","2023-12-19T19:45:31+00:00"
"2023/cve-2023-6563.json","2023-12-19T19:19:51+00:00"
"2023/cve-2023-48946.json","2023-12-19T09:40:10+00:00"
"2023/cve-2023-48947.json","2023-12-19T09:40:09+00:00"
"2023/cve-2023-48948.json","2023-12-19T09:39:58+00:00"
"2023/cve-2023-48949.json","2023-12-19T09:39:58+00:00"
"2023/cve-2023-48950.json","2023-12-19T09:39:48+00:00"
"2023/cve-2023-48951.json","2023-12-19T09:39:44+00:00"
"2023/cve-2023-48952.json","2023-12-19T09:39:37+00:00"
"2023/cve-2023-48945.json","2023-12-19T09:38:59+00:00"
"2023/cve-2023-43628.json","2023-12-19T09:36:47+00:00"
"2023/cve-2023-5871.json","2023-12-19T08:41:16+00:00"
"2023/cve-2023-4958.json","2023-12-19T05:47:47+00:00"
"2023/cve-2023-37329.json","2023-12-19T05:41:08+00:00"
"2023/cve-2023-37327.json","2023-12-19T05:40:57+00:00"
"2023/cve-2023-37328.json","2023-12-19T05:39:35+00:00"
"2023/cve-2023-42883.json","2023-12-19T05:31:30+00:00"
"2023/cve-2023-40476.json","2023-12-19T05:27:39+00:00"
"2023/cve-2023-40474.json","2023-12-19T05:27:13+00:00"
"2023/cve-2023-49093.json","2023-12-18T23:11:05+00:00"
"2023/cve-2023-6920.json","2023-12-18T21:47:09+00:00"
"2023/cve-2023-6571.json","2023-12-18T17:15:18+00:00"
"2023/cve-2023-40589.json","2023-12-18T16:46:40+00:00"
"2023/cve-2023-34059.json","2023-12-18T11:57:36+00:00"
"2023/cve-2023-1636.json","2023-12-18T11:24:52+00:00"
"2023/cve-2023-4535.json","2023-12-18T11:01:53+00:00"
"2023/cve-2023-40661.json","2023-12-18T11:01:50+00:00"
"2023/cve-2023-40660.json","2023-12-18T11:01:49+00:00"
"2023/cve-2023-4569.json","2023-12-18T06:16:34+00:00"
"2023/cve-2023-44466.json","2023-12-18T06:05:59+00:00"
"2023/cve-2023-45866.json","2023-12-18T05:12:53+00:00"
"2023/cve-2023-49990.json","2023-12-18T05:11:41+00:00"
"2023/cve-2023-49991.json","2023-12-18T05:10:41+00:00"
"2023/cve-2023-49993.json","2023-12-18T05:09:55+00:00"
"2023/cve-2023-49992.json","2023-12-18T05:09:18+00:00"
"2023/cve-2023-46846.json","2023-12-18T03:22:29+00:00"
"2023/cve-2023-47627.json","2023-12-16T05:38:59+00:00"
"2023/cve-2023-1260.json","2023-12-15T21:16:08+00:00"
"2023/cve-2023-39350.json","2023-12-15T09:06:06+00:00"
"2023/cve-2023-39351.json","2023-12-15T09:05:45+00:00"
"2023/cve-2023-39354.json","2023-12-15T09:05:29+00:00"
"2023/cve-2023-39355.json","2023-12-15T09:02:00+00:00"
"2023/cve-2023-39352.json","2023-12-15T09:01:36+00:00"
"2023/cve-2023-39353.json","2023-12-15T09:00:42+00:00"
"2023/cve-2023-39356.json","2023-12-15T08:34:53+00:00"
"2023/cve-2023-40186.json","2023-12-15T08:33:12+00:00"
"2023/cve-2023-40187.json","2023-12-15T08:32:38+00:00"
"2023/cve-2023-40188.json","2023-12-15T08:30:58+00:00"
"2023/cve-2023-40576.json","2023-12-15T08:30:23+00:00"
"2023/cve-2023-40574.json","2023-12-15T08:29:41+00:00"
"2023/cve-2023-40575.json","2023-12-15T08:28:37+00:00"
"2023/cve-2023-40181.json","2023-12-15T08:26:44+00:00"
"2023/cve-2023-40567.json","2023-12-15T08:25:45+00:00"
"2023/cve-2023-5557.json","2023-12-15T07:10:45+00:00"
"2023/cve-2023-40217.json","2023-12-14T21:00:13+00:00"
"2023/cve-2023-46750.json","2023-12-14T17:04:11+00:00"
"2023/cve-2023-50268.json","2023-12-14T17:00:39+00:00"
"2023/cve-2023-50246.json","2023-12-14T16:59:08+00:00"
"2023/cve-2023-46813.json","2023-12-14T16:53:38+00:00"
"2023/cve-2023-4886.json","2023-12-14T16:26:39+00:00"
"2023/cve-2023-28362.json","2023-12-14T16:26:38+00:00"
"2023/cve-2023-2166.json","2023-12-14T15:49:47+00:00"
"2023/cve-2023-47641.json","2023-12-14T14:22:48+00:00"
"2023/cve-2023-46219.json","2023-12-14T13:41:07+00:00"
"2023/cve-2023-38473.json","2023-12-14T08:39:18+00:00"
"2023/cve-2023-38472.json","2023-12-14T08:39:16+00:00"
"2023/cve-2023-38471.json","2023-12-14T08:39:14+00:00"
"2023/cve-2023-38469.json","2023-12-14T08:39:13+00:00"
"2023/cve-2023-38470.json","2023-12-14T08:39:13+00:00"
"2023/cve-2023-3354.json","2023-12-14T06:00:12+00:00"
"2023/cve-2023-42890.json","2023-12-14T05:34:02+00:00"
"2023/cve-2023-23934.json","2023-12-13T19:17:43+00:00"
"2023/cve-2023-25577.json","2023-12-13T19:12:37+00:00"
"2023/cve-2023-30861.json","2023-12-13T19:06:42+00:00"
"2023/cve-2023-0105.json","2023-12-13T18:38:50+00:00"
"2023/cve-2023-2455.json","2023-12-13T14:34:43+00:00"
"2023/cve-2023-38712.json","2023-12-13T12:58:44+00:00"
"2023/cve-2023-38710.json","2023-12-13T12:58:37+00:00"
"2023/cve-2023-38711.json","2023-12-13T12:58:27+00:00"
"2023/cve-2023-0567.json","2023-12-13T09:29:05+00:00"
"2023/cve-2023-0568.json","2023-12-13T09:28:58+00:00"
"2023/cve-2023-5189.json","2023-12-13T08:32:24+00:00"
"2023/cve-2023-46848.json","2023-12-13T07:30:10+00:00"
"2023/cve-2023-6238.json","2023-12-13T07:19:46+00:00"
"2023/cve-2023-5090.json","2023-12-13T07:12:01+00:00"
"2023/cve-2023-4956.json","2023-12-13T07:01:37+00:00"
"2023/cve-2023-4910.json","2023-12-13T06:57:28+00:00"
"2023/cve-2023-49994.json","2023-12-13T06:44:43+00:00"
"2023/cve-2023-1194.json","2023-12-13T06:43:26+00:00"
"2023/cve-2023-49921.json","2023-12-12T22:54:52+00:00"
"2023/cve-2023-28366.json","2023-12-12T18:50:18+00:00"
"2023/cve-2023-3592.json","2023-12-12T18:50:18+00:00"
"2023/cve-2023-0809.json","2023-12-12T18:50:18+00:00"
"2023/cve-2023-5379.json","2023-12-12T17:58:47+00:00"
"2023/cve-2023-5345.json","2023-12-12T17:22:25+00:00"
"2023/cve-2023-46233.json","2023-12-12T14:52:00+00:00"
"2023/cve-2023-0813.json","2023-12-12T14:45:25+00:00"
"2023/cve-2023-2801.json","2023-12-12T13:56:35+00:00"
"2023/cve-2023-1387.json","2023-12-12T13:56:33+00:00"
"2023/cve-2023-1410.json","2023-12-12T13:56:29+00:00"
"2023/cve-2023-2183.json","2023-12-12T13:56:28+00:00"
"2023/cve-2023-24538.json","2023-12-12T12:05:08+00:00"
"2023/cve-2023-26115.json","2023-12-12T09:36:38+00:00"
"2023/cve-2023-5384.json","2023-12-12T09:18:30+00:00"
"2023/cve-2023-30585.json","2023-12-12T04:35:10+00:00"
"2023/cve-2023-50431.json","2023-12-11T18:29:57+00:00"
"2023/cve-2023-50164.json","2023-12-11T16:53:08+00:00"
"2023/cve-2023-27538.json","2023-12-11T13:35:13+00:00"
"2023/cve-2023-38197.json","2023-12-11T07:08:09+00:00"
"2023/cve-2023-45539.json","2023-12-11T06:10:46+00:00"
"2023/cve-2023-46751.json","2023-12-11T05:36:33+00:00"
"2023/cve-2023-5528.json","2023-12-11T00:22:17+00:00"
"2023/cve-2023-1832.json","2023-12-10T18:18:49+00:00"
"2023/cve-2023-30590.json","2023-12-10T17:44:31+00:00"
"2023/cve-2023-5156.json","2023-12-10T11:15:47+00:00"
"2023/cve-2023-5954.json","2023-12-10T10:58:55+00:00"
"2023/cve-2023-46673.json","2023-12-10T10:53:53+00:00"
"2023/cve-2023-34053.json","2023-12-10T10:52:37+00:00"
"2023/cve-2023-22745.json","2023-12-08T18:10:45+00:00"
"2023/cve-2023-6622.json","2023-12-08T17:03:41+00:00"
"2023/cve-2023-3006.json","2023-12-08T16:23:31+00:00"
"2023/cve-2023-4732.json","2023-12-08T16:19:51+00:00"
"2023/cve-2023-41419.json","2023-12-08T15:07:24+00:00"
"2023/cve-2023-44398.json","2023-12-08T11:47:40+00:00"
"2023/cve-2023-31436.json","2023-12-08T07:21:32+00:00"
"2023/cve-2023-48237.json","2023-12-07T18:15:29+00:00"
"2023/cve-2023-48236.json","2023-12-07T18:13:35+00:00"
"2023/cve-2023-48235.json","2023-12-07T18:11:26+00:00"
"2023/cve-2023-48234.json","2023-12-07T18:09:12+00:00"
"2023/cve-2023-48233.json","2023-12-07T18:07:42+00:00"
"2023/cve-2023-28484.json","2023-12-07T18:02:10+00:00"
"2023/cve-2023-2283.json","2023-12-07T18:01:52+00:00"
"2023/cve-2023-48232.json","2023-12-07T18:00:50+00:00"
"2023/cve-2023-29469.json","2023-12-07T17:52:59+00:00"
"2023/cve-2023-31486.json","2023-12-07T16:01:55+00:00"
"2023/cve-2023-28450.json","2023-12-07T16:01:31+00:00"
"2023/cve-2023-34241.json","2023-12-07T16:01:09+00:00"
"2023/cve-2023-32324.json","2023-12-07T16:00:53+00:00"
"2023/cve-2023-34966.json","2023-12-07T16:00:19+00:00"
"2023/cve-2023-34968.json","2023-12-07T16:00:00+00:00"
"2023/cve-2023-34967.json","2023-12-07T15:59:41+00:00"
"2023/cve-2023-27371.json","2023-12-07T15:58:08+00:00"
"2023/cve-2023-4132.json","2023-12-07T15:56:54+00:00"
"2023/cve-2023-3772.json","2023-12-07T15:56:14+00:00"
"2023/cve-2023-33951.json","2023-12-07T15:55:07+00:00"
"2023/cve-2023-35825.json","2023-12-07T15:54:37+00:00"
"2023/cve-2023-35823.json","2023-12-07T15:53:35+00:00"
"2023/cve-2023-3212.json","2023-12-07T15:52:06+00:00"
"2023/cve-2023-4155.json","2023-12-07T15:51:16+00:00"
"2023/cve-2023-31084.json","2023-12-07T15:50:07+00:00"
"2023/cve-2023-28772.json","2023-12-07T15:49:36+00:00"
"2023/cve-2023-1075.json","2023-12-07T15:49:05+00:00"
"2023/cve-2023-1073.json","2023-12-07T15:48:24+00:00"
"2023/cve-2023-0458.json","2023-12-07T15:47:52+00:00"
"2023/cve-2023-33203.json","2023-12-07T15:46:24+00:00"
"2023/cve-2023-30456.json","2023-12-07T15:45:54+00:00"
"2023/cve-2023-1998.json","2023-12-07T15:45:22+00:00"
"2023/cve-2023-1079.json","2023-12-07T15:44:52+00:00"
"2023/cve-2023-1989.json","2023-12-07T15:44:22+00:00"
"2023/cve-2023-26545.json","2023-12-07T15:43:49+00:00"
"2023/cve-2023-1855.json","2023-12-07T15:43:19+00:00"
"2023/cve-2023-28328.json","2023-12-07T15:42:17+00:00"
"2023/cve-2023-1382.json","2023-12-07T15:41:48+00:00"
"2023/cve-2023-1252.json","2023-12-07T15:41:18+00:00"
"2023/cve-2023-1118.json","2023-12-07T15:40:50+00:00"
"2023/cve-2023-23455.json","2023-12-07T15:40:19+00:00"
"2023/cve-2023-0597.json","2023-12-07T15:39:46+00:00"
"2023/cve-2023-3347.json","2023-12-07T15:34:52+00:00"
"2023/cve-2023-23946.json","2023-12-07T15:34:13+00:00"
"2023/cve-2023-22490.json","2023-12-07T15:33:59+00:00"
"2023/cve-2023-27535.json","2023-12-07T15:33:46+00:00"
"2023/cve-2023-26604.json","2023-12-07T15:33:34+00:00"
"2023/cve-2023-2491.json","2023-12-07T15:33:23+00:00"
"2023/cve-2023-39410.json","2023-12-07T15:32:53+00:00"
"2023/cve-2023-2194.json","2023-12-07T15:24:12+00:00"
"2023/cve-2023-23454.json","2023-12-07T15:22:45+00:00"
"2023/cve-2023-0394.json","2023-12-07T15:18:09+00:00"
"2023/cve-2023-43642.json","2023-12-07T14:26:53+00:00"
"2023/cve-2023-35887.json","2023-12-07T14:26:51+00:00"
"2023/cve-2023-34454.json","2023-12-07T14:26:47+00:00"
"2023/cve-2023-34453.json","2023-12-07T14:26:46+00:00"
"2023/cve-2023-45853.json","2023-12-07T13:55:48+00:00"
"2023/cve-2023-38039.json","2023-12-07T13:55:45+00:00"
"2023/cve-2023-41081.json","2023-12-07T13:55:43+00:00"
"2023/cve-2023-2650.json","2023-12-07T13:55:34+00:00"
"2023/cve-2023-0466.json","2023-12-07T13:55:31+00:00"
"2023/cve-2023-0465.json","2023-12-07T13:55:28+00:00"
"2023/cve-2023-0464.json","2023-12-07T13:55:27+00:00"
"2023/cve-2023-45802.json","2023-12-07T13:55:24+00:00"
"2023/cve-2023-34050.json","2023-12-07T13:42:18+00:00"
"2023/cve-2023-1370.json","2023-12-07T13:42:10+00:00"
"2023/cve-2023-48231.json","2023-12-07T05:16:26+00:00"
"2023/cve-2023-48706.json","2023-12-07T05:12:38+00:00"
"2023/cve-2023-36049.json","2023-12-07T05:01:11+00:00"
"2023/cve-2023-36558.json","2023-12-07T04:46:55+00:00"
"2023/cve-2023-44387.json","2023-12-06T23:30:57+00:00"
"2023/cve-2023-42445.json","2023-12-06T23:30:56+00:00"
"2023/cve-2023-20873.json","2023-12-06T23:30:48+00:00"
"2023/cve-2023-24815.json","2023-12-06T22:07:32+00:00"
"2023/cve-2023-4586.json","2023-12-06T19:04:03+00:00"
"2023/cve-2023-6560.json","2023-12-06T17:03:32+00:00"
"2023/cve-2023-42916.json","2023-12-06T14:41:52+00:00"
"2023/cve-2023-30571.json","2023-12-06T14:31:44+00:00"
"2023/cve-2023-1436.json","2023-12-06T13:16:49+00:00"
"2023/cve-2023-42756.json","2023-12-06T11:52:30+00:00"
"2023/cve-2023-37369.json","2023-12-06T10:13:11+00:00"
"2023/cve-2023-2861.json","2023-12-06T05:22:45+00:00"
"2023/cve-2023-4459.json","2023-12-06T04:57:28+00:00"
"2023/cve-2023-43622.json","2023-12-06T03:26:41+00:00"
"2023/cve-2023-41835.json","2023-12-05T17:25:35+00:00"
"2023/cve-2023-49290.json","2023-12-05T17:00:08+00:00"
"2023/cve-2023-1584.json","2023-12-05T14:36:43+00:00"
"2023/cve-2023-4853.json","2023-12-05T14:36:41+00:00"
"2023/cve-2023-48161.json","2023-12-04T18:23:49+00:00"
"2023/cve-2023-26048.json","2023-12-04T18:02:25+00:00"
"2023/cve-2023-26049.json","2023-12-04T18:02:24+00:00"
"2023/cve-2023-46862.json","2023-12-04T14:07:23+00:00"
"2023/cve-2023-2603.json","2023-12-04T13:57:19+00:00"
"2023/cve-2023-33204.json","2023-12-01T15:33:59+00:00"
"2023/cve-2023-6207.json","2023-12-01T12:13:23+00:00"
"2023/cve-2023-6208.json","2023-12-01T12:13:17+00:00"
"2023/cve-2023-6212.json","2023-12-01T12:12:43+00:00"
"2023/cve-2023-4237.json","2023-12-01T11:00:05+00:00"
"2023/cve-2023-28260.json","2023-12-01T09:52:48+00:00"
"2023/cve-2023-46137.json","2023-12-01T09:30:45+00:00"
"2023/cve-2023-40267.json","2023-12-01T00:16:12+00:00"
"2023/cve-2023-4806.json","2023-12-01T00:16:11+00:00"
"2023/cve-2023-45322.json","2023-12-01T00:16:09+00:00"
"2023/cve-2023-4527.json","2023-12-01T00:16:09+00:00"
"2023/cve-2023-5363.json","2023-12-01T00:16:07+00:00"
"2023/cve-2023-34969.json","2023-12-01T00:16:06+00:00"
"2023/cve-2023-49087.json","2023-11-30T16:32:50+00:00"
"2023/cve-2023-23931.json","2023-11-30T14:35:06+00:00"
"2023/cve-2023-40745.json","2023-11-30T10:36:50+00:00"
"2023/cve-2023-39928.json","2023-11-30T10:28:25+00:00"
"2023/cve-2023-3609.json","2023-11-29T20:20:58+00:00"
"2023/cve-2023-2177.json","2023-11-29T20:20:55+00:00"
"2023/cve-2023-46604.json","2023-11-29T19:31:46+00:00"
"2023/cve-2023-6209.json","2023-11-29T13:55:10+00:00"
"2023/cve-2023-6205.json","2023-11-29T13:55:07+00:00"
"2023/cve-2023-6206.json","2023-11-29T13:55:07+00:00"
"2023/cve-2023-6204.json","2023-11-29T13:55:07+00:00"
"2023/cve-2023-28322.json","2023-11-29T12:00:49+00:00"
"2023/cve-2023-42363.json","2023-11-29T04:16:00+00:00"
"2023/cve-2023-45286.json","2023-11-29T01:59:24+00:00"
"2023/cve-2023-5408.json","2023-11-29T01:41:25+00:00"
"2023/cve-2023-5972.json","2023-11-28T18:15:30+00:00"
"2023/cve-2023-31130.json","2023-11-28T15:36:19+00:00"
"2023/cve-2023-38409.json","2023-11-28T15:35:47+00:00"
"2023/cve-2023-35790.json","2023-11-28T11:27:49+00:00"
"2023/cve-2023-42364.json","2023-11-28T04:33:25+00:00"
"2023/cve-2023-42365.json","2023-11-28T04:31:37+00:00"
"2023/cve-2023-42366.json","2023-11-28T04:29:16+00:00"
"2023/cve-2023-3955.json","2023-11-27T16:08:40+00:00"
"2023/cve-2023-3676.json","2023-11-27T16:08:40+00:00"
"2023/cve-2023-4004.json","2023-11-27T01:08:43+00:00"
"2023/cve-2023-1829.json","2023-11-27T01:08:42+00:00"
"2023/cve-2023-46671.json","2023-11-24T17:40:29+00:00"
"2023/cve-2023-47233.json","2023-11-23T11:54:01+00:00"
"2023/cve-2023-4822.json","2023-11-23T04:24:38+00:00"
"2023/cve-2023-44483.json","2023-11-23T00:09:52+00:00"
"2023/cve-2023-4641.json","2023-11-22T22:46:31+00:00"
"2023/cve-2023-27536.json","2023-11-22T22:35:02+00:00"
"2023/cve-2023-42669.json","2023-11-22T17:29:48+00:00"
"2023/cve-2023-4091.json","2023-11-22T17:29:48+00:00"
"2023/cve-2023-2975.json","2023-11-22T13:09:27+00:00"
"2023/cve-2023-31418.json","2023-11-21T20:34:34+00:00"
"2023/cve-2023-31419.json","2023-11-21T20:34:23+00:00"
"2023/cve-2023-31422.json","2023-11-21T20:32:52+00:00"
"2023/cve-2023-46316.json","2023-11-21T17:26:29+00:00"
"2023/cve-2023-46853.json","2023-11-21T16:38:24+00:00"
"2023/cve-2023-46852.json","2023-11-21T16:36:50+00:00"
"2023/cve-2023-34872.json","2023-11-21T16:23:42+00:00"
"2023/cve-2023-5380.json","2023-11-21T15:38:09+00:00"
"2023/cve-2023-0482.json","2023-11-21T12:56:11+00:00"
"2023/cve-2023-2602.json","2023-11-21T11:41:39+00:00"
"2023/cve-2023-30551.json","2023-11-21T11:28:23+00:00"
"2023/cve-2023-39976.json","2023-11-21T11:18:08+00:00"
"2023/cve-2023-4147.json","2023-11-21T11:16:01+00:00"
"2023/cve-2023-0590.json","2023-11-21T11:15:52+00:00"
"2023/cve-2023-44444.json","2023-11-21T08:04:23+00:00"
"2023/cve-2023-44443.json","2023-11-21T08:01:50+00:00"
"2023/cve-2023-44442.json","2023-11-21T07:58:40+00:00"
"2023/cve-2023-44441.json","2023-11-21T07:54:41+00:00"
"2023/cve-2023-45897.json","2023-11-21T06:20:22+00:00"
"2023/cve-2023-3268.json","2023-11-20T09:25:58+00:00"
"2023/cve-2023-3161.json","2023-11-20T09:25:54+00:00"
"2023/cve-2023-2513.json","2023-11-20T09:25:51+00:00"
"2023/cve-2023-2156.json","2023-11-19T22:53:27+00:00"
"2023/cve-2023-0664.json","2023-11-19T12:58:06+00:00"
"2023/cve-2023-44271.json","2023-11-17T19:08:45+00:00"
"2023/cve-2023-45857.json","2023-11-17T14:11:55+00:00"
"2023/cve-2023-4039.json","2023-11-17T14:08:25+00:00"
"2023/cve-2023-22025.json","2023-11-17T12:37:02+00:00"
"2023/cve-2023-20900.json","2023-11-17T11:59:46+00:00"
"2023/cve-2023-6111.json","2023-11-17T11:28:09+00:00"
"2023/cve-2023-37536.json","2023-11-17T07:03:09+00:00"
"2023/cve-2023-6175.json","2023-11-17T05:18:30+00:00"
"2023/cve-2023-6174.json","2023-11-17T05:16:01+00:00"
"2023/cve-2023-5371.json","2023-11-17T05:15:20+00:00"
"2023/cve-2023-41699.json","2023-11-16T18:36:59+00:00"
"2023/cve-2023-46234.json","2023-11-16T15:34:17+00:00"
"2023/cve-2023-46695.json","2023-11-16T05:20:02+00:00"
"2023/cve-2023-24422.json","2023-11-15T19:24:33+00:00"
"2023/cve-2023-25762.json","2023-11-15T19:24:20+00:00"
"2023/cve-2023-25761.json","2023-11-15T19:24:19+00:00"
"2023/cve-2023-34058.json","2023-11-15T19:13:56+00:00"
"2023/cve-2023-35001.json","2023-11-15T17:42:00+00:00"
"2023/cve-2023-36478.json","2023-11-15T17:08:11+00:00"
"2023/cve-2023-34034.json","2023-11-15T17:08:05+00:00"
"2023/cve-2023-3223.json","2023-11-15T17:07:57+00:00"
"2023/cve-2023-36479.json","2023-11-15T17:07:56+00:00"
"2023/cve-2023-3635.json","2023-11-15T17:07:56+00:00"
"2023/cve-2023-29406.json","2023-11-15T13:45:08+00:00"
"2023/cve-2023-24534.json","2023-11-15T13:45:02+00:00"
"2023/cve-2023-24536.json","2023-11-15T13:44:55+00:00"
"2023/cve-2023-35947.json","2023-11-15T09:45:37+00:00"
"2023/cve-2023-35946.json","2023-11-15T09:45:11+00:00"
"2023/cve-2023-5720.json","2023-11-15T09:44:04+00:00"
"2023/cve-2023-26136.json","2023-11-15T01:25:59+00:00"
"2023/cve-2023-20862.json","2023-11-14T22:09:12+00:00"
"2023/cve-2023-33008.json","2023-11-14T22:05:27+00:00"
"2023/cve-2023-34623.json","2023-11-14T21:35:18+00:00"
"2023/cve-2023-35116.json","2023-11-14T21:28:59+00:00"
"2023/cve-2023-21971.json","2023-11-14T20:12:02+00:00"
"2023/cve-2023-3640.json","2023-11-14T18:26:39+00:00"
"2023/cve-2023-26464.json","2023-11-14T17:46:50+00:00"
"2023/cve-2023-1664.json","2023-11-14T17:39:21+00:00"
"2023/cve-2023-22084.json","2023-11-14T17:30:42+00:00"
"2023/cve-2023-20861.json","2023-11-14T17:29:24+00:00"
"2023/cve-2023-20860.json","2023-11-14T17:28:21+00:00"
"2023/cve-2023-1108.json","2023-11-14T17:21:16+00:00"
"2023/cve-2023-38552.json","2023-11-14T16:55:23+00:00"
"2023/cve-2023-39333.json","2023-11-14T16:55:23+00:00"
"2023/cve-2023-45143.json","2023-11-14T16:55:15+00:00"
"2023/cve-2023-24998.json","2023-11-14T16:51:21+00:00"
"2023/cve-2023-1393.json","2023-11-14T15:22:24+00:00"
"2023/cve-2023-2977.json","2023-11-14T15:22:09+00:00"
"2023/cve-2023-35789.json","2023-11-14T15:22:06+00:00"
"2023/cve-2023-28709.json","2023-11-14T15:19:53+00:00"
"2023/cve-2023-39434.json","2023-11-14T15:19:41+00:00"
"2023/cve-2023-40451.json","2023-11-14T15:19:41+00:00"
"2023/cve-2023-40397.json","2023-11-14T15:19:39+00:00"
"2023/cve-2023-27954.json","2023-11-14T15:19:38+00:00"
"2023/cve-2023-32370.json","2023-11-14T15:19:38+00:00"
"2023/cve-2023-27932.json","2023-11-14T15:19:38+00:00"
"2023/cve-2023-28198.json","2023-11-14T15:19:38+00:00"
"2023/cve-2023-38597.json","2023-11-14T15:19:36+00:00"
"2023/cve-2023-38572.json","2023-11-14T15:19:35+00:00"
"2023/cve-2023-38600.json","2023-11-14T15:19:34+00:00"
"2023/cve-2023-38611.json","2023-11-14T15:19:34+00:00"
"2023/cve-2023-38599.json","2023-11-14T15:19:33+00:00"
"2023/cve-2023-38594.json","2023-11-14T15:19:32+00:00"
"2023/cve-2023-38595.json","2023-11-14T15:19:31+00:00"
"2023/cve-2023-38592.json","2023-11-14T15:19:31+00:00"
"2023/cve-2023-38133.json","2023-11-14T15:19:30+00:00"
"2023/cve-2023-32393.json","2023-11-14T15:19:30+00:00"
"2023/cve-2023-4042.json","2023-11-14T15:19:27+00:00"
"2023/cve-2023-38559.json","2023-11-14T15:19:27+00:00"
"2023/cve-2023-28879.json","2023-11-14T15:19:27+00:00"
"2023/cve-2023-28101.json","2023-11-14T15:19:15+00:00"
"2023/cve-2023-28100.json","2023-11-14T15:19:15+00:00"
"2023/cve-2023-3138.json","2023-11-14T15:18:51+00:00"
"2023/cve-2023-28756.json","2023-11-14T15:18:50+00:00"
"2023/cve-2023-28755.json","2023-11-14T15:18:48+00:00"
"2023/cve-2023-1672.json","2023-11-14T15:18:36+00:00"
"2023/cve-2023-2952.json","2023-11-14T15:18:30+00:00"
"2023/cve-2023-0666.json","2023-11-14T15:18:30+00:00"
"2023/cve-2023-2858.json","2023-11-14T15:18:28+00:00"
"2023/cve-2023-2856.json","2023-11-14T15:18:26+00:00"
"2023/cve-2023-3301.json","2023-11-14T15:18:21+00:00"
"2023/cve-2023-3128.json","2023-11-14T15:18:19+00:00"
"2023/cve-2023-34410.json","2023-11-14T15:18:16+00:00"
"2023/cve-2023-32573.json","2023-11-14T15:18:15+00:00"
"2023/cve-2023-33285.json","2023-11-14T15:18:15+00:00"
"2023/cve-2023-1786.json","2023-11-14T15:17:50+00:00"
"2023/cve-2023-29400.json","2023-11-14T15:17:39+00:00"
"2023/cve-2023-24540.json","2023-11-14T15:17:37+00:00"
"2023/cve-2023-24537.json","2023-11-14T15:17:30+00:00"
"2023/cve-2023-24539.json","2023-11-14T15:17:29+00:00"
"2023/cve-2023-25809.json","2023-11-14T15:17:11+00:00"
"2023/cve-2023-28642.json","2023-11-14T15:17:10+00:00"
"2023/cve-2023-28625.json","2023-11-14T15:17:09+00:00"
"2023/cve-2023-0950.json","2023-11-14T15:16:18+00:00"
"2023/cve-2023-1183.json","2023-11-14T15:16:17+00:00"
"2023/cve-2023-2255.json","2023-11-14T15:16:17+00:00"
"2023/cve-2023-41164.json","2023-11-14T12:41:00+00:00"
"2023/cve-2023-43665.json","2023-11-14T12:34:56+00:00"
"2023/cve-2023-47004.json","2023-11-13T21:09:49+00:00"
"2023/cve-2023-26141.json","2023-11-13T17:50:34+00:00"
"2023/cve-2023-0044.json","2023-11-13T11:31:31+00:00"
"2023/cve-2023-46753.json","2023-11-10T14:09:50+00:00"
"2023/cve-2023-46752.json","2023-11-10T14:08:58+00:00"
"2023/cve-2023-43361.json","2023-11-10T14:02:05+00:00"
"2023/cve-2023-29552.json","2023-11-10T11:32:14+00:00"
"2023/cve-2023-45145.json","2023-11-10T11:18:01+00:00"
"2023/cve-2023-3247.json","2023-11-10T08:36:01+00:00"
"2023/cve-2023-46737.json","2023-11-09T22:45:21+00:00"
"2023/cve-2023-4504.json","2023-11-09T17:25:51+00:00"
"2023/cve-2023-5344.json","2023-11-09T16:59:10+00:00"
"2023/cve-2023-40857.json","2023-11-09T16:56:15+00:00"
"2023/cve-2023-20583.json","2023-11-09T16:53:41+00:00"
"2023/cve-2023-6039.json","2023-11-09T15:04:23+00:00"
"2023/cve-2023-5535.json","2023-11-09T08:47:16+00:00"
"2023/cve-2023-43789.json","2023-11-09T08:29:25+00:00"
"2023/cve-2023-43788.json","2023-11-09T08:25:26+00:00"
"2023/cve-2023-4194.json","2023-11-09T07:11:10+00:00"
"2023/cve-2023-39191.json","2023-11-09T07:11:09+00:00"
"2023/cve-2023-4273.json","2023-11-09T07:11:05+00:00"
"2023/cve-2023-3773.json","2023-11-09T07:11:04+00:00"
"2023/cve-2023-1652.json","2023-11-09T07:10:52+00:00"
"2023/cve-2023-1076.json","2023-11-09T07:10:48+00:00"
"2023/cve-2023-1249.json","2023-11-09T07:10:45+00:00"
"2023/cve-2023-3358.json","2023-11-09T07:10:44+00:00"
"2023/cve-2023-1633.json","2023-11-08T19:18:29+00:00"
"2023/cve-2023-5077.json","2023-11-08T18:49:45+00:00"
"2023/cve-2023-3462.json","2023-11-08T18:49:43+00:00"
"2023/cve-2023-2121.json","2023-11-08T18:49:40+00:00"
"2023/cve-2023-39198.json","2023-11-08T18:44:28+00:00"
"2023/cve-2023-31085.json","2023-11-08T18:33:41+00:00"
"2023/cve-2023-2974.json","2023-11-08T16:56:43+00:00"
"2023/cve-2023-28867.json","2023-11-08T16:47:07+00:00"
"2023/cve-2023-0481.json","2023-11-08T16:38:37+00:00"
"2023/cve-2023-30608.json","2023-11-08T14:17:23+00:00"
"2023/cve-2023-27539.json","2023-11-08T14:17:22+00:00"
"2023/cve-2023-27530.json","2023-11-08T14:17:22+00:00"
"2023/cve-2023-22796.json","2023-11-08T14:17:12+00:00"
"2023/cve-2023-22799.json","2023-11-08T14:17:11+00:00"
"2023/cve-2023-25153.json","2023-11-08T14:03:31+00:00"
"2023/cve-2023-3153.json","2023-11-08T11:05:16+00:00"
"2023/cve-2023-3972.json","2023-11-08T10:59:55+00:00"
"2023/cve-2023-1095.json","2023-11-08T10:57:15+00:00"
"2023/cve-2023-24329.json","2023-11-08T09:36:11+00:00"
"2023/cve-2023-4061.json","2023-11-08T00:51:10+00:00"
"2023/cve-2023-5574.json","2023-11-07T18:34:47+00:00"
"2023/cve-2023-39975.json","2023-11-07T08:22:40+00:00"
"2023/cve-2023-1667.json","2023-11-07T08:22:23+00:00"
"2023/cve-2023-31147.json","2023-11-07T08:22:20+00:00"
"2023/cve-2023-31124.json","2023-11-07T08:22:19+00:00"
"2023/cve-2023-3576.json","2023-11-07T08:19:35+00:00"
"2023/cve-2023-26966.json","2023-11-07T08:19:33+00:00"
"2023/cve-2023-3316.json","2023-11-07T08:19:33+00:00"
"2023/cve-2023-26965.json","2023-11-07T08:19:32+00:00"
"2023/cve-2023-2731.json","2023-11-07T08:19:30+00:00"
"2023/cve-2023-28370.json","2023-11-07T08:18:33+00:00"
"2023/cve-2023-0836.json","2023-11-07T08:18:22+00:00"
"2023/cve-2023-41105.json","2023-11-07T08:18:19+00:00"
"2023/cve-2023-0668.json","2023-11-07T08:16:56+00:00"
"2023/cve-2023-2855.json","2023-11-07T08:16:53+00:00"
"2023/cve-2023-3750.json","2023-11-07T08:16:08+00:00"
"2023/cve-2023-27522.json","2023-11-07T08:16:04+00:00"
"2023/cve-2023-26769.json","2023-11-07T08:15:04+00:00"
"2023/cve-2023-26768.json","2023-11-07T08:15:02+00:00"
"2023/cve-2023-26767.json","2023-11-07T08:15:01+00:00"
"2023/cve-2023-2680.json","2023-11-07T08:14:31+00:00"
"2023/cve-2023-5088.json","2023-11-06T16:06:22+00:00"
"2023/cve-2023-4863.json","2023-11-06T11:41:22+00:00"
"2023/cve-2023-29404.json","2023-11-06T10:25:50+00:00"
"2023/cve-2023-29405.json","2023-11-06T10:25:44+00:00"
"2023/cve-2023-29403.json","2023-11-06T10:25:13+00:00"
"2023/cve-2023-29402.json","2023-11-06T10:24:11+00:00"
"2023/cve-2023-4752.json","2023-11-06T09:19:10+00:00"
"2023/cve-2023-5236.json","2023-11-06T09:01:25+00:00"
"2023/cve-2023-5056.json","2023-11-06T08:58:45+00:00"
"2023/cve-2023-3629.json","2023-11-06T08:31:33+00:00"
"2023/cve-2023-3628.json","2023-11-06T08:30:50+00:00"
"2023/cve-2023-3171.json","2023-11-06T08:29:07+00:00"
"2023/cve-2023-43907.json","2023-11-06T07:00:24+00:00"
"2023/cve-2023-5217.json","2023-11-04T10:08:49+00:00"
"2023/cve-2023-45360.json","2023-11-03T14:54:57+00:00"
"2023/cve-2023-45362.json","2023-11-03T14:54:57+00:00"
"2023/cve-2023-41175.json","2023-11-03T11:06:18+00:00"
"2023/cve-2023-5724.json","2023-11-03T10:40:23+00:00"
"2023/cve-2023-5728.json","2023-11-03T10:40:13+00:00"
"2023/cve-2023-3389.json","2023-11-03T09:56:06+00:00"
"2023/cve-2023-2222.json","2023-11-03T08:34:43+00:00"
"2023/cve-2023-36664.json","2023-11-03T08:26:54+00:00"
"2023/cve-2023-3567.json","2023-11-03T08:19:31+00:00"
"2023/cve-2023-5730.json","2023-11-03T08:17:56+00:00"
"2023/cve-2023-1476.json","2023-11-03T07:52:04+00:00"
"2023/cve-2023-42670.json","2023-11-03T07:41:43+00:00"
"2023/cve-2023-28321.json","2023-11-02T16:02:50+00:00"
"2023/cve-2023-22792.json","2023-11-02T13:53:01+00:00"
"2023/cve-2023-1637.json","2023-11-02T13:16:20+00:00"
"2023/cve-2023-28466.json","2023-11-02T12:29:24+00:00"
"2023/cve-2023-5341.json","2023-11-02T10:05:25+00:00"
"2023/cve-2023-26053.json","2023-11-02T07:09:21+00:00"
"2023/cve-2023-3089.json","2023-11-01T22:38:51+00:00"
"2023/cve-2023-2236.json","2023-11-01T15:57:08+00:00"
"2023/cve-2023-36799.json","2023-11-01T15:00:12+00:00"
"2023/cve-2023-5721.json","2023-11-01T11:36:20+00:00"
"2023/cve-2023-5366.json","2023-10-31T20:54:45+00:00"
"2023/cve-2023-5349.json","2023-10-31T19:02:53+00:00"
"2023/cve-2023-3090.json","2023-10-31T17:19:20+00:00"
"2023/cve-2023-2235.json","2023-10-31T17:19:19+00:00"
"2023/cve-2023-42467.json","2023-10-31T16:29:47+00:00"
"2023/cve-2023-3899.json","2023-10-31T14:45:01+00:00"
"2023/cve-2023-29824.json","2023-10-31T14:02:08+00:00"
"2023/cve-2023-29401.json","2023-10-31T12:54:52+00:00"
"2023/cve-2023-0620.json","2023-10-31T12:54:44+00:00"
"2023/cve-2023-0665.json","2023-10-31T12:54:40+00:00"
"2023/cve-2023-25000.json","2023-10-31T12:54:39+00:00"
"2023/cve-2023-25165.json","2023-10-31T12:54:33+00:00"
"2023/cve-2023-0475.json","2023-10-31T12:54:31+00:00"
"2023/cve-2023-5115.json","2023-10-31T12:26:10+00:00"
"2023/cve-2023-35788.json","2023-10-31T05:47:15+00:00"
"2023/cve-2023-5725.json","2023-10-30T17:42:26+00:00"
"2023/cve-2023-5732.json","2023-10-30T17:42:23+00:00"
"2023/cve-2023-44488.json","2023-10-30T17:42:22+00:00"
"2023/cve-2023-39017.json","2023-10-30T17:23:31+00:00"
"2023/cve-2023-22115.json","2023-10-30T10:55:45+00:00"
"2023/cve-2023-22114.json","2023-10-30T10:55:38+00:00"
"2023/cve-2023-22113.json","2023-10-30T10:55:32+00:00"
"2023/cve-2023-22112.json","2023-10-30T10:55:24+00:00"
"2023/cve-2023-22111.json","2023-10-30T10:55:17+00:00"
"2023/cve-2023-22110.json","2023-10-30T10:55:10+00:00"
"2023/cve-2023-22103.json","2023-10-30T10:54:59+00:00"
"2023/cve-2023-22097.json","2023-10-30T10:54:51+00:00"
"2023/cve-2023-22092.json","2023-10-30T10:54:42+00:00"
"2023/cve-2023-22079.json","2023-10-30T10:54:21+00:00"
"2023/cve-2023-22078.json","2023-10-30T10:54:14+00:00"
"2023/cve-2023-22070.json","2023-10-30T10:54:08+00:00"
"2023/cve-2023-22068.json","2023-10-30T10:54:01+00:00"
"2023/cve-2023-22066.json","2023-10-30T10:53:54+00:00"
"2023/cve-2023-22065.json","2023-10-30T10:53:47+00:00"
"2023/cve-2023-22064.json","2023-10-30T10:53:40+00:00"
"2023/cve-2023-22059.json","2023-10-30T10:53:05+00:00"
"2023/cve-2023-22032.json","2023-10-30T10:53:01+00:00"
"2023/cve-2023-36788.json","2023-10-30T04:39:54+00:00"
"2023/cve-2023-2431.json","2023-10-30T00:25:16+00:00"
"2023/cve-2023-31083.json","2023-10-29T11:27:18+00:00"
"2023/cve-2023-45960.json","2023-10-26T20:43:22+00:00"
"2023/cve-2023-41074.json","2023-10-26T20:00:54+00:00"
"2023/cve-2023-35074.json","2023-10-26T20:00:36+00:00"
"2023/cve-2023-30841.json","2023-10-26T16:29:55+00:00"
"2023/cve-2023-38497.json","2023-10-26T14:29:43+00:00"
"2023/cve-2023-24532.json","2023-10-26T00:47:53+00:00"
"2023/cve-2023-20598.json","2023-10-25T17:47:08+00:00"
"2023/cve-2023-5632.json","2023-10-25T15:26:39+00:00"
"2023/cve-2023-37454.json","2023-10-25T13:26:46+00:00"
"2023/cve-2023-4421.json","2023-10-25T12:53:13+00:00"
"2023/cve-2023-4693.json","2023-10-25T10:17:17+00:00"
"2023/cve-2023-5727.json","2023-10-25T09:29:03+00:00"
"2023/cve-2023-5726.json","2023-10-25T09:28:55+00:00"
"2023/cve-2023-45683.json","2023-10-25T06:32:55+00:00"
"2023/cve-2023-5568.json","2023-10-24T19:10:45+00:00"
"2023/cve-2023-45898.json","2023-10-24T17:32:57+00:00"
"2023/cve-2023-4610.json","2023-10-24T13:00:07+00:00"
"2023/cve-2023-42754.json","2023-10-23T13:12:58+00:00"
"2023/cve-2023-39193.json","2023-10-23T13:12:48+00:00"
"2023/cve-2023-2004.json","2023-10-23T09:08:53+00:00"
"2023/cve-2023-5590.json","2023-10-20T21:44:17+00:00"
"2023/cve-2023-38633.json","2023-10-20T07:14:33+00:00"
"2023/cve-2023-26054.json","2023-10-19T22:23:32+00:00"
"2023/cve-2023-39320.json","2023-10-19T19:47:19+00:00"
"2023/cve-2023-36435.json","2023-10-19T17:46:14+00:00"
"2023/cve-2023-38171.json","2023-10-19T17:46:01+00:00"
"2023/cve-2023-31047.json","2023-10-19T13:13:11+00:00"
"2023/cve-2023-22095.json","2023-10-19T09:35:49+00:00"
"2023/cve-2023-22028.json","2023-10-19T09:35:49+00:00"
"2023/cve-2023-22026.json","2023-10-19T09:35:49+00:00"
"2023/cve-2023-22015.json","2023-10-19T09:35:49+00:00"
"2023/cve-2023-1193.json","2023-10-18T17:26:04+00:00"
"2023/cve-2023-2253.json","2023-10-18T14:47:34+00:00"
"2023/cve-2023-38325.json","2023-10-18T01:30:14+00:00"
"2023/cve-2023-39195.json","2023-10-17T23:12:22+00:00"
"2023/cve-2023-5207.json","2023-10-17T22:21:51+00:00"
"2023/cve-2023-37453.json","2023-10-17T13:28:04+00:00"
"2023/cve-2023-3341.json","2023-10-17T09:27:35+00:00"
"2023/cve-2023-32006.json","2023-10-17T09:26:56+00:00"
"2023/cve-2023-32559.json","2023-10-17T09:26:56+00:00"
"2023/cve-2023-32002.json","2023-10-17T09:26:54+00:00"
"2023/cve-2023-32233.json","2023-10-17T09:25:33+00:00"
"2023/cve-2023-3361.json","2023-10-16T20:58:16+00:00"
"2023/cve-2023-5441.json","2023-10-16T17:43:27+00:00"
"2023/cve-2023-1838.json","2023-10-13T19:19:36+00:00"
"2023/cve-2023-42752.json","2023-10-12T19:55:51+00:00"
"2023/cve-2023-5197.json","2023-10-12T17:41:04+00:00"
"2023/cve-2023-39189.json","2023-10-12T16:41:09+00:00"
"2023/cve-2023-39194.json","2023-10-12T16:39:04+00:00"
"2023/cve-2023-39192.json","2023-10-12T16:34:32+00:00"
"2023/cve-2023-38432.json","2023-10-12T13:16:35+00:00"
"2023/cve-2023-42755.json","2023-10-12T11:34:10+00:00"
"2023/cve-2023-43786.json","2023-10-12T10:37:24+00:00"
"2023/cve-2023-43787.json","2023-10-12T10:37:08+00:00"
"2023/cve-2023-43785.json","2023-10-12T10:34:36+00:00"
"2023/cve-2023-43641.json","2023-10-11T14:26:24+00:00"
"2023/cve-2023-5158.json","2023-10-11T07:35:34+00:00"
"2023/cve-2023-3390.json","2023-10-10T19:43:52+00:00"
"2023/cve-2023-0461.json","2023-10-10T19:43:42+00:00"
"2023/cve-2023-0386.json","2023-10-10T19:43:30+00:00"
"2023/cve-2023-3610.json","2023-10-10T19:40:49+00:00"
"2023/cve-2023-31248.json","2023-10-10T19:32:59+00:00"
"2023/cve-2023-2124.json","2023-10-10T19:32:18+00:00"
"2023/cve-2023-1281.json","2023-10-10T19:32:04+00:00"
"2023/cve-2023-28327.json","2023-10-10T15:33:08+00:00"
"2023/cve-2023-5255.json","2023-10-10T14:35:22+00:00"
"2023/cve-2023-4015.json","2023-10-10T10:28:17+00:00"
"2023/cve-2023-2610.json","2023-10-09T21:04:13+00:00"
"2023/cve-2023-20867.json","2023-10-09T19:17:16+00:00"
"2023/cve-2023-5129.json","2023-10-09T19:13:03+00:00"
"2023/cve-2023-1999.json","2023-10-09T19:13:03+00:00"
"2023/cve-2023-4008.json","2023-10-09T13:27:58+00:00"
"2023/cve-2023-3932.json","2023-10-09T13:26:53+00:00"
"2023/cve-2023-3900.json","2023-10-09T13:25:50+00:00"
"2023/cve-2023-3385.json","2023-10-09T13:24:30+00:00"
"2023/cve-2023-3993.json","2023-10-09T13:23:24+00:00"
"2023/cve-2023-3994.json","2023-10-09T13:22:37+00:00"
"2023/cve-2023-1210.json","2023-10-09T13:21:10+00:00"
"2023/cve-2023-0632.json","2023-10-09T13:20:53+00:00"
"2023/cve-2023-2164.json","2023-10-09T13:19:46+00:00"
"2023/cve-2023-3364.json","2023-10-09T13:16:36+00:00"
"2023/cve-2023-3500.json","2023-10-09T13:16:29+00:00"
"2023/cve-2023-30589.json","2023-10-09T10:26:47+00:00"
"2023/cve-2023-30588.json","2023-10-09T10:26:46+00:00"
"2023/cve-2023-23920.json","2023-10-09T10:26:45+00:00"
"2023/cve-2023-30581.json","2023-10-09T10:26:45+00:00"
"2023/cve-2023-24807.json","2023-10-09T10:26:41+00:00"
"2023/cve-2023-23936.json","2023-10-09T10:26:41+00:00"
"2023/cve-2023-39190.json","2023-10-09T09:16:16+00:00"
"2023/cve-2023-40341.json","2023-10-08T04:08:56+00:00"
"2023/cve-2023-4211.json","2023-10-06T18:02:11+00:00"
"2023/cve-2023-5171.json","2023-10-05T14:51:33+00:00"
"2023/cve-2023-5176.json","2023-10-05T14:51:33+00:00"
"2023/cve-2023-5169.json","2023-10-05T14:51:31+00:00"
"2023/cve-2023-3600.json","2023-10-05T14:51:29+00:00"
"2023/cve-2023-30079.json","2023-10-05T13:05:39+00:00"
"2023/cve-2023-43646.json","2023-10-05T06:11:46+00:00"
"2023/cve-2023-1729.json","2023-10-04T20:18:11+00:00"
"2023/cve-2023-0459.json","2023-10-04T18:41:37+00:00"
"2023/cve-2023-39533.json","2023-10-04T18:15:29+00:00"
"2023/cve-2023-29932.json","2023-10-04T17:53:19+00:00"
"2023/cve-2023-29935.json","2023-10-04T17:52:17+00:00"
"2023/cve-2023-29933.json","2023-10-04T17:43:58+00:00"
"2023/cve-2023-29934.json","2023-10-04T17:42:49+00:00"
"2023/cve-2023-29942.json","2023-10-04T17:36:10+00:00"
"2023/cve-2023-29941.json","2023-10-04T17:34:56+00:00"
"2023/cve-2023-3428.json","2023-10-04T17:31:55+00:00"
"2023/cve-2023-3971.json","2023-10-04T13:15:53+00:00"
"2023/cve-2023-24056.json","2023-10-04T12:29:23+00:00"
"2023/cve-2023-3397.json","2023-10-04T11:01:36+00:00"
"2023/cve-2023-25775.json","2023-10-03T17:47:43+00:00"
"2023/cve-2023-3775.json","2023-10-03T16:21:25+00:00"
"2023/cve-2023-5174.json","2023-10-03T10:39:37+00:00"
"2023/cve-2023-5168.json","2023-10-03T10:36:37+00:00"
"2023/cve-2023-41993.json","2023-10-02T21:48:55+00:00"
"2023/cve-2023-40029.json","2023-10-02T21:37:27+00:00"
"2023/cve-2023-40584.json","2023-10-02T21:26:17+00:00"
"2023/cve-2023-39130.json","2023-09-29T11:41:00+00:00"
"2023/cve-2023-39129.json","2023-09-29T11:38:40+00:00"
"2023/cve-2023-39128.json","2023-09-29T11:37:10+00:00"
"2023/cve-2023-30630.json","2023-09-28T18:23:38+00:00"
"2023/cve-2023-40026.json","2023-09-28T13:34:41+00:00"
"2023/cve-2023-43114.json","2023-09-28T13:30:21+00:00"
"2023/cve-2023-20589.json","2023-09-28T11:31:44+00:00"
"2023/cve-2023-20555.json","2023-09-28T07:12:54+00:00"
"2023/cve-2023-4066.json","2023-09-27T20:40:14+00:00"
"2023/cve-2023-3777.json","2023-09-27T18:58:33+00:00"
"2023/cve-2023-38668.json","2023-09-27T15:18:07+00:00"
"2023/cve-2023-38667.json","2023-09-27T15:17:17+00:00"
"2023/cve-2023-38665.json","2023-09-27T15:15:51+00:00"
"2023/cve-2023-0215.json","2023-09-27T11:37:08+00:00"
"2023/cve-2023-2002.json","2023-09-27T11:36:45+00:00"
"2023/cve-2023-25950.json","2023-09-26T21:56:52+00:00"
"2023/cve-2023-1579.json","2023-09-26T21:56:26+00:00"
"2023/cve-2023-1582.json","2023-09-26T21:47:25+00:00"
"2023/cve-2023-25193.json","2023-09-26T21:18:38+00:00"
"2023/cve-2023-0286.json","2023-09-26T21:16:59+00:00"
"2023/cve-2023-22742.json","2023-09-26T21:16:41+00:00"
"2023/cve-2023-0361.json","2023-09-26T21:16:33+00:00"
"2023/cve-2023-4785.json","2023-09-26T18:59:18+00:00"
"2023/cve-2023-3550.json","2023-09-26T16:53:30+00:00"
"2023/cve-2023-4065.json","2023-09-26T13:09:54+00:00"
"2023/cve-2023-0804.json","2023-09-26T09:18:16+00:00"
"2023/cve-2023-0803.json","2023-09-26T09:18:15+00:00"
"2023/cve-2023-0802.json","2023-09-26T09:18:14+00:00"
"2023/cve-2023-0801.json","2023-09-26T09:18:14+00:00"
"2023/cve-2023-0800.json","2023-09-26T09:18:13+00:00"
"2023/cve-2023-41915.json","2023-09-26T06:03:56+00:00"
"2023/cve-2023-43494.json","2023-09-26T06:02:45+00:00"
"2023/cve-2023-26916.json","2023-09-26T06:02:14+00:00"
"2023/cve-2023-43495.json","2023-09-26T04:46:40+00:00"
"2023/cve-2023-0833.json","2023-09-25T19:52:42+00:00"
"2023/cve-2023-0456.json","2023-09-25T19:31:06+00:00"
"2023/cve-2023-33250.json","2023-09-25T16:42:45+00:00"
"2023/cve-2023-2906.json","2023-09-23T19:36:08+00:00"
"2023/cve-2023-28736.json","2023-09-23T19:34:14+00:00"
"2023/cve-2023-1625.json","2023-09-23T18:56:42+00:00"
"2023/cve-2023-4389.json","2023-09-23T18:37:55+00:00"
"2023/cve-2023-4387.json","2023-09-22T21:34:01+00:00"
"2023/cve-2023-22058.json","2023-09-22T21:33:41+00:00"
"2023/cve-2023-22057.json","2023-09-22T21:33:39+00:00"
"2023/cve-2023-22056.json","2023-09-22T21:33:37+00:00"
"2023/cve-2023-22054.json","2023-09-22T21:33:35+00:00"
"2023/cve-2023-22053.json","2023-09-22T21:33:34+00:00"
"2023/cve-2023-22048.json","2023-09-22T21:33:32+00:00"
"2023/cve-2023-22046.json","2023-09-22T21:33:30+00:00"
"2023/cve-2023-22038.json","2023-09-22T21:33:28+00:00"
"2023/cve-2023-22033.json","2023-09-22T21:33:26+00:00"
"2023/cve-2023-22008.json","2023-09-22T21:33:24+00:00"
"2023/cve-2023-22005.json","2023-09-22T21:33:22+00:00"
"2023/cve-2023-0667.json","2023-09-22T21:29:35+00:00"
"2023/cve-2023-4133.json","2023-09-22T21:24:35+00:00"
"2023/cve-2023-30577.json","2023-09-22T21:19:11+00:00"
"2023/cve-2023-3618.json","2023-09-22T21:01:23+00:00"
"2023/cve-2023-36617.json","2023-09-22T21:01:15+00:00"
"2023/cve-2023-0056.json","2023-09-22T21:00:43+00:00"
"2023/cve-2023-25433.json","2023-09-22T19:17:17+00:00"
"2023/cve-2023-3106.json","2023-09-22T19:17:05+00:00"
"2023/cve-2023-3255.json","2023-09-22T19:02:26+00:00"
"2023/cve-2023-25588.json","2023-09-22T17:44:29+00:00"
"2023/cve-2023-25585.json","2023-09-22T17:44:19+00:00"
"2023/cve-2023-1513.json","2023-09-22T14:08:49+00:00"
"2023/cve-2023-30078.json","2023-09-22T12:22:33+00:00"
"2023/cve-2023-30775.json","2023-09-22T09:40:23+00:00"
"2023/cve-2023-30774.json","2023-09-22T09:40:20+00:00"
"2023/cve-2023-24626.json","2023-09-22T09:40:04+00:00"
"2023/cve-2023-1916.json","2023-09-22T09:39:43+00:00"
"2023/cve-2023-21950.json","2023-09-22T09:29:28+00:00"
"2023/cve-2023-25136.json","2023-09-22T09:25:50+00:00"
"2023/cve-2023-21963.json","2023-09-22T09:25:24+00:00"
"2023/cve-2023-21913.json","2023-09-22T09:23:56+00:00"
"2023/cve-2023-21887.json","2023-09-22T09:22:01+00:00"
"2023/cve-2023-21883.json","2023-09-22T09:21:49+00:00"
"2023/cve-2023-21882.json","2023-09-22T09:21:42+00:00"
"2023/cve-2023-21881.json","2023-09-22T09:21:36+00:00"
"2023/cve-2023-21880.json","2023-09-22T09:21:29+00:00"
"2023/cve-2023-21879.json","2023-09-22T09:21:22+00:00"
"2023/cve-2023-21878.json","2023-09-22T09:21:14+00:00"
"2023/cve-2023-21877.json","2023-09-22T09:21:07+00:00"
"2023/cve-2023-21876.json","2023-09-22T09:21:00+00:00"
"2023/cve-2023-21875.json","2023-09-22T09:20:55+00:00"
"2023/cve-2023-21874.json","2023-09-22T09:20:48+00:00"
"2023/cve-2023-21873.json","2023-09-22T09:20:41+00:00"
"2023/cve-2023-21872.json","2023-09-22T09:20:34+00:00"
"2023/cve-2023-21871.json","2023-09-22T09:20:26+00:00"
"2023/cve-2023-21870.json","2023-09-22T09:20:20+00:00"
"2023/cve-2023-21869.json","2023-09-22T09:20:12+00:00"
"2023/cve-2023-21868.json","2023-09-22T09:20:05+00:00"
"2023/cve-2023-21867.json","2023-09-22T09:19:12+00:00"
"2023/cve-2023-21866.json","2023-09-22T09:19:09+00:00"
"2023/cve-2023-21865.json","2023-09-22T09:19:09+00:00"
"2023/cve-2023-21864.json","2023-09-22T09:19:05+00:00"
"2023/cve-2023-21863.json","2023-09-22T09:19:04+00:00"
"2023/cve-2023-21836.json","2023-09-22T09:18:43+00:00"
"2023/cve-2023-26144.json","2023-09-21T16:48:03+00:00"
"2023/cve-2023-4585.json","2023-09-21T05:22:22+00:00"
"2023/cve-2023-4584.json","2023-09-21T05:22:11+00:00"
"2023/cve-2023-4583.json","2023-09-21T05:22:01+00:00"
"2023/cve-2023-38427.json","2023-09-20T17:27:15+00:00"
"2023/cve-2023-32254.json","2023-09-20T17:16:31+00:00"
"2023/cve-2023-4456.json","2023-09-20T15:22:56+00:00"
"2023/cve-2023-4236.json","2023-09-20T15:18:30+00:00"
"2023/cve-2023-40569.json","2023-09-19T19:53:45+00:00"
"2023/cve-2023-4581.json","2023-09-19T19:52:38+00:00"
"2023/cve-2023-4580.json","2023-09-19T19:52:36+00:00"
"2023/cve-2023-4053.json","2023-09-19T19:52:35+00:00"
"2023/cve-2023-4578.json","2023-09-19T19:52:33+00:00"
"2023/cve-2023-4051.json","2023-09-19T19:52:31+00:00"
"2023/cve-2023-4577.json","2023-09-19T19:52:29+00:00"
"2023/cve-2023-4575.json","2023-09-19T19:52:28+00:00"
"2023/cve-2023-4574.json","2023-09-19T19:52:26+00:00"
"2023/cve-2023-4573.json","2023-09-19T19:52:24+00:00"
"2023/cve-2023-0119.json","2023-09-19T17:40:20+00:00"
"2023/cve-2023-31490.json","2023-09-18T18:51:05+00:00"
"2023/cve-2023-31489.json","2023-09-18T18:31:41+00:00"
"2023/cve-2023-4807.json","2023-09-18T15:12:44+00:00"
"2023/cve-2023-4759.json","2023-09-18T07:45:31+00:00"
"2023/cve-2023-39810.json","2023-09-18T06:06:05+00:00"
"2023/cve-2023-36792.json","2023-09-18T05:14:35+00:00"
"2023/cve-2023-36794.json","2023-09-18T05:14:23+00:00"
"2023/cve-2023-36793.json","2023-09-18T05:14:10+00:00"
"2023/cve-2023-36796.json","2023-09-18T05:13:59+00:00"
"2023/cve-2023-43090.json","2023-09-15T15:56:31+00:00"
"2023/cve-2023-4959.json","2023-09-15T09:00:25+00:00"
"2023/cve-2023-25586.json","2023-09-14T19:01:09+00:00"
"2023/cve-2023-25584.json","2023-09-14T18:53:03+00:00"
"2023/cve-2023-41909.json","2023-09-14T18:43:30+00:00"
"2023/cve-2023-35942.json","2023-09-14T17:35:45+00:00"
"2023/cve-2023-35944.json","2023-09-14T17:35:42+00:00"
"2023/cve-2023-35945.json","2023-09-14T17:35:42+00:00"
"2023/cve-2023-35941.json","2023-09-14T17:35:41+00:00"
"2023/cve-2023-36674.json","2023-09-13T22:34:00+00:00"
"2023/cve-2023-39742.json","2023-09-13T16:07:28+00:00"
"2023/cve-2023-38178.json","2023-09-13T15:55:55+00:00"
"2023/cve-2023-21968.json","2023-09-13T08:34:21+00:00"
"2023/cve-2023-21937.json","2023-09-13T08:34:19+00:00"
"2023/cve-2023-21938.json","2023-09-13T08:34:17+00:00"
"2023/cve-2023-21939.json","2023-09-13T08:34:14+00:00"
"2023/cve-2023-21967.json","2023-09-13T08:34:11+00:00"
"2023/cve-2023-21954.json","2023-09-13T08:34:09+00:00"
"2023/cve-2023-21930.json","2023-09-13T08:34:07+00:00"
"2023/cve-2023-4918.json","2023-09-12T19:21:15+00:00"
"2023/cve-2023-4875.json","2023-09-12T15:27:56+00:00"
"2023/cve-2023-4874.json","2023-09-12T15:26:16+00:00"
"2023/cve-2023-41053.json","2023-09-12T13:41:43+00:00"
"2023/cve-2023-38201.json","2023-09-12T10:10:50+00:00"
"2023/cve-2023-38200.json","2023-09-12T10:10:49+00:00"
"2023/cve-2023-40590.json","2023-09-11T18:22:27+00:00"
"2023/cve-2023-3159.json","2023-09-08T20:13:02+00:00"
"2023/cve-2023-28866.json","2023-09-08T20:12:33+00:00"
"2023/cve-2023-28464.json","2023-09-08T20:12:23+00:00"
"2023/cve-2023-40359.json","2023-09-06T16:52:12+00:00"
"2023/cve-2023-30586.json","2023-09-06T11:10:26+00:00"
"2023/cve-2023-30583.json","2023-09-06T11:09:22+00:00"
"2023/cve-2023-30582.json","2023-09-06T11:09:11+00:00"
"2023/cve-2023-30587.json","2023-09-06T11:09:03+00:00"
"2023/cve-2023-4582.json","2023-09-06T09:17:13+00:00"
"2023/cve-2023-4781.json","2023-09-06T04:54:46+00:00"
"2023/cve-2023-28617.json","2023-09-05T20:58:14+00:00"
"2023/cve-2023-38745.json","2023-09-05T19:21:22+00:00"
"2023/cve-2023-35936.json","2023-09-05T19:21:21+00:00"
"2023/cve-2023-26485.json","2023-09-05T19:21:05+00:00"
"2023/cve-2023-24824.json","2023-09-05T19:21:03+00:00"
"2023/cve-2023-20883.json","2023-09-05T18:37:27+00:00"
"2023/cve-2023-30584.json","2023-09-05T15:56:58+00:00"
"2023/cve-2023-37903.json","2023-09-05T15:51:33+00:00"
"2023/cve-2023-37466.json","2023-09-05T15:51:32+00:00"
"2023/cve-2023-40175.json","2023-09-05T14:20:47+00:00"
"2023/cve-2023-38408.json","2023-09-05T13:41:37+00:00"
"2023/cve-2023-4738.json","2023-09-05T04:47:20+00:00"
"2023/cve-2023-4734.json","2023-09-05T04:46:49+00:00"
"2023/cve-2023-4751.json","2023-09-05T04:45:33+00:00"
"2023/cve-2023-34432.json","2023-09-04T06:12:39+00:00"
"2023/cve-2023-4736.json","2023-09-04T04:48:38+00:00"
"2023/cve-2023-4576.json","2023-09-01T11:32:38+00:00"
"2023/cve-2023-27487.json","2023-08-31T05:41:08+00:00"
"2023/cve-2023-27491.json","2023-08-31T05:40:43+00:00"
"2023/cve-2023-27492.json","2023-08-31T05:40:19+00:00"
"2023/cve-2023-27496.json","2023-08-31T05:39:55+00:00"
"2023/cve-2023-27488.json","2023-08-31T05:39:30+00:00"
"2023/cve-2023-27493.json","2023-08-31T05:39:06+00:00"
"2023/cve-2023-0842.json","2023-08-31T05:05:30+00:00"
"2023/cve-2023-32439.json","2023-08-31T04:35:39+00:00"
"2023/cve-2023-32435.json","2023-08-31T04:35:05+00:00"
"2023/cve-2023-35943.json","2023-08-31T02:54:47+00:00"
"2023/cve-2023-3027.json","2023-08-30T14:18:49+00:00"
"2023/cve-2023-22049.json","2023-08-30T13:43:54+00:00"
"2023/cve-2023-4611.json","2023-08-29T20:23:15+00:00"
"2023/cve-2023-40305.json","2023-08-29T17:29:26+00:00"
"2023/cve-2023-40577.json","2023-08-29T17:07:58+00:00"
"2023/cve-2023-2700.json","2023-08-29T09:13:01+00:00"
"2023/cve-2023-32001.json","2023-08-29T07:14:00+00:00"
"2023/cve-2023-1195.json","2023-08-29T05:41:54+00:00"
"2023/cve-2023-22041.json","2023-08-28T19:20:24+00:00"
"2023/cve-2023-22045.json","2023-08-28T19:19:56+00:00"
"2023/cve-2023-22044.json","2023-08-28T19:19:43+00:00"
"2023/cve-2023-22036.json","2023-08-28T19:19:31+00:00"
"2023/cve-2023-22006.json","2023-08-28T19:19:18+00:00"
"2023/cve-2023-2953.json","2023-08-28T18:49:29+00:00"
"2023/cve-2023-0614.json","2023-08-28T16:55:19+00:00"
"2023/cve-2023-0922.json","2023-08-28T14:36:22+00:00"
"2023/cve-2023-0225.json","2023-08-28T14:35:10+00:00"
"2023/cve-2023-38403.json","2023-08-28T14:01:26+00:00"
"2023/cve-2023-3317.json","2023-08-28T11:15:12+00:00"
"2023/cve-2023-31655.json","2023-08-27T01:18:38+00:00"
"2023/cve-2023-26125.json","2023-08-25T13:12:15+00:00"
"2023/cve-2023-29017.json","2023-08-25T13:06:54+00:00"
"2023/cve-2023-26117.json","2023-08-24T17:29:20+00:00"
"2023/cve-2023-26118.json","2023-08-24T17:29:20+00:00"
"2023/cve-2023-26116.json","2023-08-24T17:29:20+00:00"
"2023/cve-2023-39978.json","2023-08-24T10:20:51+00:00"
"2023/cve-2023-32700.json","2023-08-24T06:29:36+00:00"
"2023/cve-2023-3893.json","2023-08-23T18:23:16+00:00"
"2023/cve-2023-40360.json","2023-08-23T18:17:26+00:00"
"2023/cve-2023-4135.json","2023-08-23T17:12:32+00:00"
"2023/cve-2023-32004.json","2023-08-23T15:10:48+00:00"
"2023/cve-2023-32003.json","2023-08-23T15:10:23+00:00"
"2023/cve-2023-3896.json","2023-08-23T14:54:12+00:00"
"2023/cve-2023-28938.json","2023-08-23T12:53:20+00:00"
"2023/cve-2023-37264.json","2023-08-23T05:25:05+00:00"
"2023/cve-2023-2905.json","2023-08-23T05:02:13+00:00"
"2023/cve-2023-32005.json","2023-08-22T14:15:52+00:00"
"2023/cve-2023-32558.json","2023-08-22T14:11:33+00:00"
"2023/cve-2023-28320.json","2023-08-22T11:17:15+00:00"
"2023/cve-2023-32067.json","2023-08-22T08:24:12+00:00"
"2023/cve-2023-3111.json","2023-08-22T07:41:48+00:00"
"2023/cve-2023-24580.json","2023-08-21T17:04:53+00:00"
"2023/cve-2023-28319.json","2023-08-21T07:46:53+00:00"
"2023/cve-2023-40336.json","2023-08-17T12:43:13+00:00"
"2023/cve-2023-40337.json","2023-08-17T12:42:40+00:00"
"2023/cve-2023-4394.json","2023-08-17T12:29:16+00:00"
"2023/cve-2023-4385.json","2023-08-16T20:20:57+00:00"
"2023/cve-2023-24021.json","2023-08-15T21:51:10+00:00"
"2023/cve-2023-1055.json","2023-08-15T14:11:53+00:00"
"2023/cve-2023-35390.json","2023-08-15T01:15:50+00:00"
"2023/cve-2023-38180.json","2023-08-15T01:15:49+00:00"
"2023/cve-2023-38210.json","2023-08-14T22:54:59+00:00"
"2023/cve-2023-20588.json","2023-08-14T14:32:34+00:00"
"2023/cve-2023-34104.json","2023-08-14T05:50:06+00:00"
"2023/cve-2023-26590.json","2023-08-14T05:20:49+00:00"
"2023/cve-2023-0160.json","2023-08-13T21:41:25+00:00"
"2023/cve-2023-38697.json","2023-08-11T19:44:30+00:00"
"2023/cve-2023-34442.json","2023-08-11T19:02:47+00:00"
"2023/cve-2023-33953.json","2023-08-11T14:40:35+00:00"
"2023/cve-2023-37450.json","2023-08-11T14:30:01+00:00"
"2023/cve-2023-34610.json","2023-08-11T12:13:37+00:00"
"2023/cve-2023-26555.json","2023-08-11T12:13:30+00:00"
"2023/cve-2023-35391.json","2023-08-11T05:40:29+00:00"
"2023/cve-2023-2898.json","2023-08-10T17:52:00+00:00"
"2023/cve-2023-2798.json","2023-08-10T12:02:50+00:00"
"2023/cve-2023-3417.json","2023-08-10T07:49:43+00:00"
"2023/cve-2023-4047.json","2023-08-10T07:49:30+00:00"
"2023/cve-2023-4055.json","2023-08-10T07:49:15+00:00"
"2023/cve-2023-4056.json","2023-08-10T07:49:05+00:00"
"2023/cve-2023-4057.json","2023-08-10T07:48:54+00:00"
"2023/cve-2023-3637.json","2023-08-09T21:02:46+00:00"
"2023/cve-2023-34150.json","2023-08-09T18:08:33+00:00"
"2023/cve-2023-34319.json","2023-08-09T14:13:03+00:00"
"2023/cve-2023-2828.json","2023-08-09T01:45:07+00:00"
"2023/cve-2023-20560.json","2023-08-08T23:02:09+00:00"
"2023/cve-2023-20564.json","2023-08-08T23:01:05+00:00"
"2023/cve-2023-20561.json","2023-08-08T22:08:33+00:00"
"2023/cve-2023-20556.json","2023-08-08T22:07:29+00:00"
"2023/cve-2023-20562.json","2023-08-08T21:38:16+00:00"
"2023/cve-2023-37732.json","2023-08-08T17:20:05+00:00"
"2023/cve-2023-22795.json","2023-08-08T06:07:44+00:00"
"2023/cve-2023-32629.json","2023-08-07T22:25:39+00:00"
"2023/cve-2023-2640.json","2023-08-07T22:25:39+00:00"
"2023/cve-2023-4134.json","2023-08-07T22:11:44+00:00"
"2023/cve-2023-4050.json","2023-08-07T13:37:26+00:00"
"2023/cve-2023-4049.json","2023-08-07T13:18:55+00:00"
"2023/cve-2023-4048.json","2023-08-07T13:17:55+00:00"
"2023/cve-2023-4046.json","2023-08-07T13:15:55+00:00"
"2023/cve-2023-4045.json","2023-08-07T13:14:54+00:00"
"2023/cve-2023-29408.json","2023-08-07T13:03:38+00:00"
"2023/cve-2023-29407.json","2023-08-07T13:02:21+00:00"
"2023/cve-2023-38560.json","2023-08-07T12:15:07+00:00"
"2023/cve-2023-21830.json","2023-08-07T09:25:31+00:00"
"2023/cve-2023-21843.json","2023-08-07T09:25:19+00:00"
"2023/cve-2023-21835.json","2023-08-07T09:25:06+00:00"
"2023/cve-2023-22043.json","2023-08-07T09:11:39+00:00"
"2023/cve-2023-0264.json","2023-08-04T16:48:37+00:00"
"2023/cve-2023-4052.json","2023-08-04T12:12:11+00:00"
"2023/cve-2023-4054.json","2023-08-04T11:38:01+00:00"
"2023/cve-2023-3180.json","2023-08-04T07:25:01+00:00"
"2023/cve-2023-33170.json","2023-08-03T07:54:56+00:00"
"2023/cve-2023-29337.json","2023-08-03T07:54:56+00:00"
"2023/cve-2023-29331.json","2023-08-03T07:54:55+00:00"
"2023/cve-2023-33128.json","2023-08-03T07:54:55+00:00"
"2023/cve-2023-36656.json","2023-08-02T15:00:51+00:00"
"2023/cve-2023-37276.json","2023-08-02T09:37:21+00:00"
"2023/cve-2023-37464.json","2023-08-02T07:56:39+00:00"
"2023/cve-2023-22652.json","2023-08-01T16:07:44+00:00"
"2023/cve-2023-3748.json","2023-08-01T12:27:30+00:00"
"2023/cve-2023-38285.json","2023-08-01T11:58:31+00:00"
"2023/cve-2023-30441.json","2023-08-01T10:59:22+00:00"
"2023/cve-2023-3357.json","2023-07-31T08:45:00+00:00"
"2023/cve-2023-0030.json","2023-07-31T08:29:51+00:00"
"2023/cve-2023-3220.json","2023-07-31T08:22:10+00:00"
"2023/cve-2023-3355.json","2023-07-31T08:15:03+00:00"
"2023/cve-2023-3359.json","2023-07-31T08:10:16+00:00"
"2023/cve-2023-25151.json","2023-07-28T16:48:58+00:00"
"2023/cve-2023-39151.json","2023-07-27T13:30:05+00:00"
"2023/cve-2023-31999.json","2023-07-26T19:33:58+00:00"
"2023/cve-2023-2727.json","2023-07-25T20:21:49+00:00"
"2023/cve-2023-2728.json","2023-07-25T20:11:29+00:00"
"2023/cve-2023-21400.json","2023-07-25T15:04:12+00:00"
"2023/cve-2023-36661.json","2023-07-24T22:51:29+00:00"
"2023/cve-2023-3863.json","2023-07-24T13:49:33+00:00"
"2023/cve-2023-36824.json","2023-07-24T04:14:18+00:00"
"2023/cve-2023-22458.json","2023-07-21T22:26:29+00:00"
"2023/cve-2023-25194.json","2023-07-21T22:26:27+00:00"
"2023/cve-2023-26486.json","2023-07-21T22:26:27+00:00"
"2023/cve-2023-33544.json","2023-07-21T22:26:26+00:00"
"2023/cve-2023-33546.json","2023-07-21T22:26:24+00:00"
"2023/cve-2023-33264.json","2023-07-21T22:26:23+00:00"
"2023/cve-2023-26487.json","2023-07-21T22:26:23+00:00"
"2023/cve-2023-32207.json","2023-07-21T09:56:53+00:00"
"2023/cve-2023-32213.json","2023-07-21T09:56:30+00:00"
"2023/cve-2023-32215.json","2023-07-21T09:56:01+00:00"
"2023/cve-2023-34416.json","2023-07-21T09:55:38+00:00"
"2023/cve-2023-37201.json","2023-07-21T09:55:06+00:00"
"2023/cve-2023-37202.json","2023-07-21T09:54:18+00:00"
"2023/cve-2023-37208.json","2023-07-21T09:53:49+00:00"
"2023/cve-2023-37211.json","2023-07-21T09:52:57+00:00"
"2023/cve-2023-31606.json","2023-07-20T18:45:00+00:00"
"2023/cve-2023-36665.json","2023-07-20T16:10:52+00:00"
"2023/cve-2023-3603.json","2023-07-20T13:15:58+00:00"
"2023/cve-2023-26112.json","2023-07-19T20:32:16+00:00"
"2023/cve-2023-20575.json","2023-07-19T14:18:08+00:00"
"2023/cve-2023-1386.json","2023-07-19T13:10:42+00:00"
"2023/cve-2023-3338.json","2023-07-19T13:10:21+00:00"
"2023/cve-2023-35827.json","2023-07-18T22:49:53+00:00"
"2023/cve-2023-3108.json","2023-07-18T18:31:33+00:00"
"2023/cve-2023-3745.json","2023-07-18T18:20:59+00:00"
"2023/cve-2023-23916.json","2023-07-18T08:28:55+00:00"
"2023/cve-2023-1390.json","2023-07-18T08:21:29+00:00"
"2023/cve-2023-34474.json","2023-07-18T08:17:29+00:00"
"2023/cve-2023-3269.json","2023-07-17T14:28:10+00:00"
"2023/cve-2023-37947.json","2023-07-17T13:55:02+00:00"
"2023/cve-2023-37946.json","2023-07-17T13:53:52+00:00"
"2023/cve-2023-38253.json","2023-07-14T12:24:34+00:00"
"2023/cve-2023-38252.json","2023-07-14T12:24:28+00:00"
"2023/cve-2023-37207.json","2023-07-13T16:52:37+00:00"
"2023/cve-2023-1892.json","2023-07-13T16:42:29+00:00"
"2023/cve-2023-29383.json","2023-07-12T15:40:12+00:00"
"2023/cve-2023-33127.json","2023-07-12T14:09:40+00:00"
"2023/cve-2023-28859.json","2023-07-12T10:28:20+00:00"
"2023/cve-2023-28858.json","2023-07-12T10:28:03+00:00"
"2023/cve-2023-2804.json","2023-07-11T15:27:08+00:00"
"2023/cve-2023-35146.json","2023-07-11T14:34:53+00:00"
"2023/cve-2023-35145.json","2023-07-11T14:33:25+00:00"
"2023/cve-2023-1943.json","2023-07-11T14:18:14+00:00"
"2023/cve-2023-32627.json","2023-07-10T15:01:40+00:00"
"2023/cve-2023-26551.json","2023-07-10T14:44:07+00:00"
"2023/cve-2023-26552.json","2023-07-10T14:30:25+00:00"
"2023/cve-2023-26553.json","2023-07-10T14:27:29+00:00"
"2023/cve-2023-26554.json","2023-07-10T12:54:36+00:00"
"2023/cve-2023-26484.json","2023-07-10T09:34:44+00:00"
"2023/cve-2023-22998.json","2023-07-10T07:58:57+00:00"
"2023/cve-2023-1972.json","2023-07-09T12:57:33+00:00"
"2023/cve-2023-0049.json","2023-07-08T04:16:56+00:00"
"2023/cve-2023-0512.json","2023-07-08T04:16:56+00:00"
"2023/cve-2023-0054.json","2023-07-07T08:35:45+00:00"
"2023/cve-2023-25434.json","2023-07-07T08:35:45+00:00"
"2023/cve-2023-1264.json","2023-07-07T08:35:16+00:00"
"2023/cve-2023-1161.json","2023-07-07T08:35:11+00:00"
"2023/cve-2023-31670.json","2023-07-07T08:35:08+00:00"
"2023/cve-2023-2250.json","2023-07-07T08:35:08+00:00"
"2023/cve-2023-36191.json","2023-07-07T08:35:03+00:00"
"2023/cve-2023-0507.json","2023-07-07T08:34:46+00:00"
"2023/cve-2023-22462.json","2023-07-07T08:34:38+00:00"
"2023/cve-2023-2609.json","2023-07-07T08:34:36+00:00"
"2023/cve-2023-1993.json","2023-07-07T08:34:30+00:00"
"2023/cve-2023-0845.json","2023-07-07T08:34:26+00:00"
"2023/cve-2023-2019.json","2023-07-07T08:34:23+00:00"
"2023/cve-2023-0413.json","2023-07-07T08:34:19+00:00"
"2023/cve-2023-0411.json","2023-07-07T08:34:13+00:00"
"2023/cve-2023-30086.json","2023-07-07T08:34:09+00:00"
"2023/cve-2023-24607.json","2023-07-07T08:34:00+00:00"
"2023/cve-2023-1994.json","2023-07-07T08:33:48+00:00"
"2023/cve-2023-0416.json","2023-07-07T08:33:45+00:00"
"2023/cve-2023-2908.json","2023-07-07T08:33:40+00:00"
"2023/cve-2023-0594.json","2023-07-07T08:33:11+00:00"
"2023/cve-2023-1992.json","2023-07-07T08:33:11+00:00"
"2023/cve-2023-35143.json","2023-07-07T08:33:03+00:00"
"2023/cve-2023-1801.json","2023-07-07T08:33:02+00:00"
"2023/cve-2023-25166.json","2023-07-07T08:32:45+00:00"
"2023/cve-2023-35144.json","2023-07-07T08:32:39+00:00"
"2023/cve-2023-1894.json","2023-07-07T08:32:38+00:00"
"2023/cve-2023-28410.json","2023-07-07T08:32:34+00:00"
"2023/cve-2023-0051.json","2023-07-07T08:32:33+00:00"
"2023/cve-2023-1127.json","2023-07-07T08:32:07+00:00"
"2023/cve-2023-0433.json","2023-07-07T08:32:05+00:00"
"2023/cve-2023-1170.json","2023-07-07T08:31:54+00:00"
"2023/cve-2023-2961.json","2023-07-07T08:31:54+00:00"
"2023/cve-2023-33733.json","2023-07-07T08:31:49+00:00"
"2023/cve-2023-23913.json","2023-07-07T08:31:42+00:00"
"2023/cve-2023-2157.json","2023-07-07T08:31:34+00:00"
"2023/cve-2023-1380.json","2023-07-07T08:31:34+00:00"
"2023/cve-2023-0615.json","2023-07-07T08:31:33+00:00"
"2023/cve-2023-22794.json","2023-07-07T08:31:30+00:00"
"2023/cve-2023-26483.json","2023-07-07T08:31:27+00:00"
"2023/cve-2023-36464.json","2023-07-07T08:31:17+00:00"
"2023/cve-2023-1428.json","2023-07-07T08:31:16+00:00"
"2023/cve-2023-34475.json","2023-07-07T08:31:11+00:00"
"2023/cve-2023-25155.json","2023-07-07T08:31:07+00:00"
"2023/cve-2023-32636.json","2023-07-07T08:31:02+00:00"
"2023/cve-2023-1175.json","2023-07-07T08:30:53+00:00"
"2023/cve-2023-31722.json","2023-07-07T08:30:48+00:00"
"2023/cve-2023-3195.json","2023-07-07T08:30:46+00:00"
"2023/cve-2023-1077.json","2023-07-07T08:30:06+00:00"
"2023/cve-2023-29199.json","2023-07-07T08:30:01+00:00"
"2023/cve-2023-26917.json","2023-07-07T08:29:47+00:00"
"2023/cve-2023-35141.json","2023-07-07T08:29:37+00:00"
"2023/cve-2023-32732.json","2023-07-07T08:29:37+00:00"
"2023/cve-2023-3384.json","2023-07-07T08:29:06+00:00"
"2023/cve-2023-0417.json","2023-07-07T08:28:40+00:00"
"2023/cve-2023-25435.json","2023-07-07T08:28:40+00:00"
"2023/cve-2023-32731.json","2023-07-07T08:28:37+00:00"
"2023/cve-2023-26303.json","2023-07-07T08:28:26+00:00"
"2023/cve-2023-0288.json","2023-07-07T08:28:25+00:00"
"2023/cve-2023-26302.json","2023-07-07T08:28:05+00:00"
"2023/cve-2023-0412.json","2023-07-07T08:27:59+00:00"
"2023/cve-2023-1668.json","2023-07-06T16:26:09+00:00"
"2023/cve-2023-2007.json","2023-07-06T14:32:09+00:00"
"2023/cve-2023-35142.json","2023-07-06T03:54:22+00:00"
"2023/cve-2023-1295.json","2023-07-05T13:45:58+00:00"
"2023/cve-2023-32248.json","2023-07-05T13:39:59+00:00"
"2023/cve-2023-32252.json","2023-07-05T13:39:55+00:00"
"2023/cve-2023-32258.json","2023-07-05T13:39:52+00:00"
"2023/cve-2023-32257.json","2023-07-05T13:39:47+00:00"
"2023/cve-2023-32247.json","2023-07-05T12:34:11+00:00"
"2023/cve-2023-3439.json","2023-07-04T19:41:09+00:00"
"2023/cve-2023-24535.json","2023-07-04T15:17:36+00:00"
"2023/cve-2023-32262.json","2023-07-04T05:21:37+00:00"
"2023/cve-2023-3315.json","2023-07-04T05:18:30+00:00"
"2023/cve-2023-32261.json","2023-07-04T05:15:34+00:00"
"2023/cve-2023-35149.json","2023-07-04T05:13:21+00:00"
"2023/cve-2023-35147.json","2023-07-04T05:12:49+00:00"
"2023/cve-2023-35148.json","2023-07-04T05:12:47+00:00"
"2023/cve-2023-3297.json","2023-06-30T19:16:46+00:00"
"2023/cve-2023-22602.json","2023-06-29T20:08:39+00:00"
"2023/cve-2023-20863.json","2023-06-29T19:09:28+00:00"
"2023/cve-2023-2829.json","2023-06-28T17:41:01+00:00"
"2023/cve-2023-2911.json","2023-06-28T17:40:03+00:00"
"2023/cve-2023-2860.json","2023-06-28T15:14:19+00:00"
"2023/cve-2023-35826.json","2023-06-28T11:57:48+00:00"
"2023/cve-2023-35829.json","2023-06-28T11:11:37+00:00"
"2023/cve-2023-22899.json","2023-06-27T15:28:51+00:00"
"2023/cve-2023-29007.json","2023-06-26T18:13:52+00:00"
"2023/cve-2023-25652.json","2023-06-26T18:13:52+00:00"
"2023/cve-2023-25815.json","2023-06-26T18:13:52+00:00"
"2023/cve-2023-36660.json","2023-06-26T13:41:20+00:00"
"2023/cve-2023-36675.json","2023-06-26T13:29:57+00:00"
"2023/cve-2023-32981.json","2023-06-23T22:14:09+00:00"
"2023/cve-2023-32980.json","2023-06-23T22:13:11+00:00"
"2023/cve-2023-32979.json","2023-06-23T22:12:13+00:00"
"2023/cve-2023-32977.json","2023-06-23T22:11:14+00:00"
"2023/cve-2023-24999.json","2023-06-23T01:45:55+00:00"
"2023/cve-2023-29539.json","2023-06-22T13:19:47+00:00"
"2023/cve-2023-1255.json","2023-06-22T03:28:55+00:00"
"2023/cve-2023-0799.json","2023-06-22T02:11:17+00:00"
"2023/cve-2023-0798.json","2023-06-22T02:10:15+00:00"
"2023/cve-2023-0797.json","2023-06-22T01:44:31+00:00"
"2023/cve-2023-0796.json","2023-06-22T01:43:30+00:00"
"2023/cve-2023-0795.json","2023-06-22T01:42:29+00:00"
"2023/cve-2023-30772.json","2023-06-21T15:38:45+00:00"
"2023/cve-2023-34153.json","2023-06-20T15:41:12+00:00"
"2023/cve-2023-32030.json","2023-06-20T15:28:50+00:00"
"2023/cve-2023-29326.json","2023-06-20T15:27:49+00:00"
"2023/cve-2023-35828.json","2023-06-20T14:12:05+00:00"
"2023/cve-2023-33126.json","2023-06-20T13:40:54+00:00"
"2023/cve-2023-33135.json","2023-06-20T13:38:26+00:00"
"2023/cve-2023-32032.json","2023-06-20T13:31:40+00:00"
"2023/cve-2023-24895.json","2023-06-20T13:14:39+00:00"
"2023/cve-2023-24936.json","2023-06-20T13:12:48+00:00"
"2023/cve-2023-24897.json","2023-06-20T13:10:54+00:00"
"2023/cve-2023-33461.json","2023-06-20T05:40:47+00:00"
"2023/cve-2023-3312.json","2023-06-19T17:37:58+00:00"
"2023/cve-2023-27904.json","2023-06-19T10:13:14+00:00"
"2023/cve-2023-27903.json","2023-06-19T10:13:12+00:00"
"2023/cve-2023-27898.json","2023-06-19T10:13:11+00:00"
"2023/cve-2023-27899.json","2023-06-19T10:13:10+00:00"
"2023/cve-2023-25725.json","2023-06-18T19:51:34+00:00"
"2023/cve-2023-33288.json","2023-06-18T12:08:34+00:00"
"2023/cve-2023-2618.json","2023-06-15T05:27:00+00:00"
"2023/cve-2023-2617.json","2023-06-15T05:25:51+00:00"
"2023/cve-2023-34414.json","2023-06-14T23:37:04+00:00"
"2023/cve-2023-31631.json","2023-06-14T19:40:50+00:00"
"2023/cve-2023-31630.json","2023-06-14T19:39:50+00:00"
"2023/cve-2023-31629.json","2023-06-14T19:38:53+00:00"
"2023/cve-2023-31628.json","2023-06-14T19:37:55+00:00"
"2023/cve-2023-31627.json","2023-06-14T19:26:17+00:00"
"2023/cve-2023-31626.json","2023-06-14T19:25:21+00:00"
"2023/cve-2023-31625.json","2023-06-14T19:24:23+00:00"
"2023/cve-2023-31624.json","2023-06-14T19:23:24+00:00"
"2023/cve-2023-31623.json","2023-06-14T18:31:35+00:00"
"2023/cve-2023-31622.json","2023-06-14T18:30:37+00:00"
"2023/cve-2023-31621.json","2023-06-14T18:29:39+00:00"
"2023/cve-2023-31620.json","2023-06-14T18:28:41+00:00"
"2023/cve-2023-31619.json","2023-06-14T18:02:43+00:00"
"2023/cve-2023-31618.json","2023-06-14T18:01:44+00:00"
"2023/cve-2023-31617.json","2023-06-14T18:00:08+00:00"
"2023/cve-2023-31616.json","2023-06-14T17:59:11+00:00"
"2023/cve-2023-31615.json","2023-06-14T17:39:54+00:00"
"2023/cve-2023-31614.json","2023-06-14T17:38:56+00:00"
"2023/cve-2023-31613.json","2023-06-14T17:37:36+00:00"
"2023/cve-2023-31612.json","2023-06-14T17:36:39+00:00"
"2023/cve-2023-0266.json","2023-06-14T17:36:23+00:00"
"2023/cve-2023-31611.json","2023-06-14T17:01:32+00:00"
"2023/cve-2023-31610.json","2023-06-14T17:00:35+00:00"
"2023/cve-2023-31609.json","2023-06-14T16:59:38+00:00"
"2023/cve-2023-31608.json","2023-06-14T16:58:39+00:00"
"2023/cve-2023-31607.json","2023-06-14T16:29:23+00:00"
"2023/cve-2023-28120.json","2023-06-13T05:30:05+00:00"
"2023/cve-2023-28162.json","2023-06-12T19:46:06+00:00"
"2023/cve-2023-34152.json","2023-06-12T06:14:23+00:00"
"2023/cve-2023-0767.json","2023-06-11T12:00:08+00:00"
"2023/cve-2023-32181.json","2023-06-09T14:25:58+00:00"
"2023/cve-2023-23605.json","2023-06-09T13:54:36+00:00"
"2023/cve-2023-25735.json","2023-06-09T13:54:27+00:00"
"2023/cve-2023-25737.json","2023-06-09T13:54:19+00:00"
"2023/cve-2023-25739.json","2023-06-09T13:54:11+00:00"
"2023/cve-2023-25729.json","2023-06-09T13:54:03+00:00"
"2023/cve-2023-25732.json","2023-06-09T13:52:49+00:00"
"2023/cve-2023-25744.json","2023-06-09T13:52:27+00:00"
"2023/cve-2023-25746.json","2023-06-09T13:52:19+00:00"
"2023/cve-2023-28176.json","2023-06-09T13:52:10+00:00"
"2023/cve-2023-29536.json","2023-06-09T13:52:01+00:00"
"2023/cve-2023-29541.json","2023-06-09T13:51:45+00:00"
"2023/cve-2023-29550.json","2023-06-09T13:50:41+00:00"
"2023/cve-2023-31890.json","2023-06-07T13:53:51+00:00"
"2023/cve-2023-2008.json","2023-06-06T21:29:46+00:00"
"2023/cve-2023-32643.json","2023-06-06T12:56:41+00:00"
"2023/cve-2023-23919.json","2023-06-06T12:48:33+00:00"
"2023/cve-2023-24805.json","2023-06-06T09:55:30+00:00"
"2023/cve-2023-32373.json","2023-06-06T00:34:07+00:00"
"2023/cve-2023-28204.json","2023-06-06T00:33:10+00:00"
"2023/cve-2023-32082.json","2023-06-06T00:31:12+00:00"
"2023/cve-2023-25690.json","2023-06-05T18:21:13+00:00"
"2023/cve-2023-23915.json","2023-06-05T18:19:14+00:00"
"2023/cve-2023-23914.json","2023-06-05T18:18:17+00:00"
"2023/cve-2023-1078.json","2023-06-05T14:39:14+00:00"
"2023/cve-2023-29141.json","2023-06-02T17:53:01+00:00"
"2023/cve-2023-0210.json","2023-05-31T15:59:36+00:00"
"2023/cve-2023-2854.json","2023-05-31T12:13:57+00:00"
"2023/cve-2023-32314.json","2023-05-31T02:33:13+00:00"
"2023/cve-2023-20866.json","2023-05-30T23:12:12+00:00"
"2023/cve-2023-32313.json","2023-05-30T22:33:14+00:00"
"2023/cve-2023-2985.json","2023-05-30T19:12:12+00:00"
"2023/cve-2023-2857.json","2023-05-30T18:12:48+00:00"
"2023/cve-2023-2598.json","2023-05-30T14:13:27+00:00"
"2023/cve-2023-32269.json","2023-05-30T13:31:13+00:00"
"2023/cve-2023-2879.json","2023-05-29T18:33:23+00:00"
"2023/cve-2023-2878.json","2023-05-29T15:20:50+00:00"
"2023/cve-2023-34151.json","2023-05-29T14:56:32+00:00"
"2023/cve-2023-0330.json","2023-05-26T19:15:04+00:00"
"2023/cve-2023-32081.json","2023-05-26T17:41:57+00:00"
"2023/cve-2023-28856.json","2023-05-26T12:43:34+00:00"
"2023/cve-2023-27901.json","2023-05-24T22:45:32+00:00"
"2023/cve-2023-27900.json","2023-05-24T22:44:36+00:00"
"2023/cve-2023-27902.json","2023-05-24T22:43:41+00:00"
"2023/cve-2023-32409.json","2023-05-24T20:11:59+00:00"
"2023/cve-2023-32697.json","2023-05-24T19:42:01+00:00"
"2023/cve-2023-31038.json","2023-05-24T18:32:48+00:00"
"2023/cve-2023-21106.json","2023-05-23T21:34:05+00:00"
"2023/cve-2023-2088.json","2023-05-23T14:59:15+00:00"
"2023/cve-2023-22809.json","2023-05-23T14:00:34+00:00"
"2023/cve-2023-32250.json","2023-05-22T08:25:49+00:00"
"2023/cve-2023-1990.json","2023-05-19T03:46:49+00:00"
"2023/cve-2023-32212.json","2023-05-18T12:35:10+00:00"
"2023/cve-2023-32211.json","2023-05-18T12:34:13+00:00"
"2023/cve-2023-32206.json","2023-05-18T12:32:19+00:00"
"2023/cve-2023-32205.json","2023-05-18T12:31:23+00:00"
"2023/cve-2023-0778.json","2023-05-18T06:33:32+00:00"
"2023/cve-2023-0229.json","2023-05-18T06:31:36+00:00"
"2023/cve-2023-2295.json","2023-05-17T07:42:06+00:00"
"2023/cve-2023-30570.json","2023-05-17T07:41:09+00:00"
"2023/cve-2023-2203.json","2023-05-17T06:35:20+00:00"
"2023/cve-2023-21917.json","2023-05-17T03:45:58+00:00"
"2023/cve-2023-21912.json","2023-05-17T03:44:59+00:00"
"2023/cve-2023-23009.json","2023-05-17T03:44:02+00:00"
"2023/cve-2023-25566.json","2023-05-17T03:43:06+00:00"
"2023/cve-2023-25564.json","2023-05-17T03:42:09+00:00"
"2023/cve-2023-25567.json","2023-05-17T03:41:13+00:00"
"2023/cve-2023-25565.json","2023-05-17T03:12:23+00:00"
"2023/cve-2023-25563.json","2023-05-17T03:11:27+00:00"
"2023/cve-2023-25363.json","2023-05-16T23:17:52+00:00"
"2023/cve-2023-25362.json","2023-05-16T23:16:52+00:00"
"2023/cve-2023-25361.json","2023-05-16T23:15:52+00:00"
"2023/cve-2023-25360.json","2023-05-16T23:14:53+00:00"
"2023/cve-2023-25358.json","2023-05-16T23:13:52+00:00"
"2023/cve-2023-23517.json","2023-05-16T22:53:29+00:00"
"2023/cve-2023-23518.json","2023-05-16T22:51:28+00:00"
"2023/cve-2023-2197.json","2023-05-16T13:41:23+00:00"
"2023/cve-2023-31125.json","2023-05-16T13:16:43+00:00"
"2023/cve-2023-0494.json","2023-05-16T08:15:26+00:00"
"2023/cve-2023-1018.json","2023-05-16T08:08:24+00:00"
"2023/cve-2023-32214.json","2023-05-12T18:12:30+00:00"
"2023/cve-2023-2426.json","2023-05-10T14:33:32+00:00"
"2023/cve-2023-23918.json","2023-05-09T20:46:33+00:00"
"2023/cve-2023-2319.json","2023-05-09T19:45:53+00:00"
"2023/cve-2023-28154.json","2023-05-09T19:44:22+00:00"
"2023/cve-2023-1017.json","2023-05-09T07:49:31+00:00"
"2023/cve-2023-0430.json","2023-05-05T14:41:02+00:00"
"2023/cve-2023-23969.json","2023-05-03T23:15:28+00:00"
"2023/cve-2023-2006.json","2023-05-03T16:34:13+00:00"
"2023/cve-2023-22467.json","2023-05-02T16:39:05+00:00"
"2023/cve-2023-28882.json","2023-04-28T13:40:06+00:00"
"2023/cve-2023-29531.json","2023-04-28T09:42:00+00:00"
"2023/cve-2023-29542.json","2023-04-28T09:42:00+00:00"
"2023/cve-2023-29532.json","2023-04-28T09:42:00+00:00"
"2023/cve-2023-29545.json","2023-04-28T09:42:00+00:00"
"2023/cve-2023-27495.json","2023-04-27T18:17:24+00:00"
"2023/cve-2023-30547.json","2023-04-27T05:47:15+00:00"
"2023/cve-2023-23529.json","2023-04-26T11:26:30+00:00"
"2023/cve-2023-2281.json","2023-04-25T18:16:57+00:00"
"2023/cve-2023-30513.json","2023-04-24T09:23:28+00:00"
"2023/cve-2023-28205.json","2023-04-21T12:54:50+00:00"
"2023/cve-2023-22608.json","2023-04-21T07:57:18+00:00"
"2023/cve-2023-1670.json","2023-04-20T06:32:38+00:00"
"2023/cve-2023-1872.json","2023-04-19T11:45:23+00:00"
"2023/cve-2023-29479.json","2023-04-17T21:08:56+00:00"
"2023/cve-2023-0547.json","2023-04-17T21:07:56+00:00"
"2023/cve-2023-29548.json","2023-04-17T21:05:53+00:00"
"2023/cve-2023-1945.json","2023-04-17T21:04:51+00:00"
"2023/cve-2023-29535.json","2023-04-17T20:41:19+00:00"
"2023/cve-2023-29533.json","2023-04-17T20:39:16+00:00"
"2023/cve-2023-28427.json","2023-04-17T20:05:08+00:00"
"2023/cve-2023-26924.json","2023-04-14T13:39:23+00:00"
"2023/cve-2023-1583.json","2023-04-12T16:21:32+00:00"
"2023/cve-2023-1859.json","2023-04-10T03:36:39+00:00"
"2023/cve-2023-23002.json","2023-04-06T16:06:02+00:00"
"2023/cve-2023-23003.json","2023-04-06T16:03:42+00:00"
"2023/cve-2023-23004.json","2023-04-06T16:01:49+00:00"
"2023/cve-2023-26544.json","2023-04-06T15:51:54+00:00"
"2023/cve-2023-22609.json","2023-04-06T08:07:27+00:00"
"2023/cve-2023-22607.json","2023-04-06T08:03:03+00:00"
"2023/cve-2023-22606.json","2023-04-06T08:01:48+00:00"
"2023/cve-2023-22605.json","2023-04-06T08:00:30+00:00"
"2023/cve-2023-22604.json","2023-04-06T07:59:17+00:00"
"2023/cve-2023-22603.json","2023-04-06T07:57:24+00:00"
"2023/cve-2023-27537.json","2023-04-03T17:54:29+00:00"
"2023/cve-2023-29132.json","2023-04-03T17:22:50+00:00"
"2023/cve-2023-28425.json","2023-03-31T15:23:26+00:00"
"2023/cve-2023-21808.json","2023-03-30T14:52:48+00:00"
"2023/cve-2023-23005.json","2023-03-29T14:46:19+00:00"
"2023/cve-2023-23006.json","2023-03-29T13:09:45+00:00"
"2023/cve-2023-23001.json","2023-03-29T12:53:43+00:00"
"2023/cve-2023-23000.json","2023-03-28T19:46:22+00:00"
"2023/cve-2023-22996.json","2023-03-28T16:37:50+00:00"
"2023/cve-2023-22999.json","2023-03-28T16:21:59+00:00"
"2023/cve-2023-22997.json","2023-03-28T15:31:03+00:00"
"2023/cve-2023-28531.json","2023-03-28T13:08:30+00:00"
"2023/cve-2023-28164.json","2023-03-27T19:18:48+00:00"
"2023/cve-2023-25752.json","2023-03-27T19:16:49+00:00"
"2023/cve-2023-25751.json","2023-03-27T19:15:49+00:00"
"2023/cve-2023-0401.json","2023-03-27T08:50:28+00:00"
"2023/cve-2023-0217.json","2023-03-27T08:50:28+00:00"
"2023/cve-2023-0216.json","2023-03-27T08:50:23+00:00"
"2023/cve-2023-26253.json","2023-03-27T05:56:46+00:00"
"2023/cve-2023-1611.json","2023-03-24T12:08:05+00:00"
"2023/cve-2023-27320.json","2023-03-23T13:52:21+00:00"
"2023/cve-2023-0179.json","2023-03-23T13:17:51+00:00"
"2023/cve-2023-28119.json","2023-03-23T12:22:04+00:00"
"2023/cve-2023-25012.json","2023-03-22T11:32:54+00:00"
"2023/cve-2023-1544.json","2023-03-21T14:01:28+00:00"
"2023/cve-2023-26605.json","2023-03-21T13:21:47+00:00"
"2023/cve-2023-26607.json","2023-03-21T13:21:32+00:00"
"2023/cve-2023-26606.json","2023-03-21T13:21:23+00:00"
"2023/cve-2023-1355.json","2023-03-21T11:52:09+00:00"
"2023/cve-2023-27986.json","2023-03-20T20:05:44+00:00"
"2023/cve-2023-27985.json","2023-03-20T20:05:32+00:00"
"2023/cve-2023-22482.json","2023-03-20T06:56:25+00:00"
"2023/cve-2023-28163.json","2023-03-17T11:00:04+00:00"
"2023/cve-2023-1289.json","2023-03-17T03:52:20+00:00"
"2023/cve-2023-0100.json","2023-03-16T13:29:42+00:00"
"2023/cve-2023-23039.json","2023-03-15T12:35:47+00:00"
"2023/cve-2023-22797.json","2023-03-15T10:56:14+00:00"
"2023/cve-2023-27478.json","2023-03-09T15:07:39+00:00"
"2023/cve-2023-23586.json","2023-03-02T13:40:56+00:00"
"2023/cve-2023-22995.json","2023-03-02T13:04:59+00:00"
"2023/cve-2023-0091.json","2023-03-02T01:50:58+00:00"
"2023/cve-2023-23559.json","2023-03-01T19:36:33+00:00"
"2023/cve-2023-25613.json","2023-03-01T13:06:55+00:00"
"2023/cve-2023-0687.json","2023-02-24T05:11:22+00:00"
"2023/cve-2023-0616.json","2023-02-20T18:48:25+00:00"
"2023/cve-2023-25742.json","2023-02-20T18:34:29+00:00"
"2023/cve-2023-25743.json","2023-02-20T17:50:23+00:00"
"2023/cve-2023-25730.json","2023-02-20T17:49:26+00:00"
"2023/cve-2023-25728.json","2023-02-20T17:48:29+00:00"
"2023/cve-2023-25734.json","2023-02-20T09:35:42+00:00"
"2023/cve-2023-25738.json","2023-02-20T09:34:54+00:00"
"2023/cve-2023-0821.json","2023-02-17T20:30:44+00:00"
"2023/cve-2023-23947.json","2023-02-17T09:45:01+00:00"
"2023/cve-2023-25745.json","2023-02-16T18:01:04+00:00"
"2023/cve-2023-25741.json","2023-02-16T17:59:30+00:00"
"2023/cve-2023-25736.json","2023-02-16T17:57:51+00:00"
"2023/cve-2023-25733.json","2023-02-16T17:56:19+00:00"
"2023/cve-2023-25731.json","2023-02-16T17:54:49+00:00"
"2023/cve-2023-25740.json","2023-02-16T17:52:56+00:00"
"2023/cve-2023-0296.json","2023-02-16T03:49:26+00:00"
"2023/cve-2023-0414.json","2023-02-16T02:28:52+00:00"
"2023/cve-2023-0415.json","2023-02-15T22:29:59+00:00"
"2023/cve-2023-25139.json","2023-02-13T17:42:59+00:00"
"2023/cve-2023-0469.json","2023-02-11T18:48:41+00:00"
"2023/cve-2023-0240.json","2023-02-02T00:25:56+00:00"
"2023/cve-2023-24039.json","2023-02-01T20:25:08+00:00"
"2023/cve-2023-23603.json","2023-01-29T07:23:18+00:00"
"2023/cve-2023-23602.json","2023-01-29T06:22:10+00:00"
"2023/cve-2023-23601.json","2023-01-29T05:52:19+00:00"
"2023/cve-2023-23599.json","2023-01-29T05:22:11+00:00"
"2023/cve-2023-23598.json","2023-01-29T04:52:12+00:00"
"2023/cve-2023-22736.json","2023-01-28T05:22:10+00:00"
"2023/cve-2023-0468.json","2023-01-26T21:22:14+00:00"
"2023/cve-2023-21840.json","2023-01-21T23:22:12+00:00"
"2023/cve-2023-22909.json","2023-01-20T15:52:11+00:00"
"2023/cve-2023-22911.json","2023-01-20T15:22:12+00:00"
"2023/cve-2023-22945.json","2023-01-20T14:22:11+00:00"
"2023/cve-2023-0122.json","2023-01-17T17:28:02+00:00"
"2023/cve-2023-21538.json","2023-01-13T14:00:36+00:00"
